Geo_FIPS,Geo_GEOID,Geo_NAME,Geo_QName,Geo_STUSAB,Geo_SUMLEV,Geo_GEOCOMP,Geo_FILEID,Geo_LOGRECNO,Geo_US,Geo_REGION,Geo_DIVISION,Geo_STATECE,Geo_STATE,Geo_COUNTY,Geo_COUSUB,Geo_PLACE,Geo_PLACESE,Geo_TRACT,Geo_BLKGRP,Geo_CONCIT,Geo_AIANHH,Geo_AIANHHFP,Geo_AIHHTLI,Geo_AITSCE,Geo_AITS,Geo_ANRC,Geo_CBSA,Geo_CSA,Geo_METDIV,Geo_MACC,Geo_MEMI,Geo_NECTA,Geo_CNECTA,Geo_NECTADIV,Geo_UA,Geo_UACP,Geo_CDCURR,Geo_SLDU,Geo_SLDL,Geo_VTD,Geo_ZCTA3,Geo_ZCTA5,Geo_SUBMCD,Geo_SDELM,Geo_SDSEC,Geo_SDUNI,Geo_UR,Geo_PCI,Geo_TAZ,Geo_UGA,Geo_PUMA5,Geo_PUMA1,SE_T148_001,SE_T105_001
"00199","40000US00199","Aberdeen--Bel Air South--Bel Air North, MD Urbanized Area (2010)","Aberdeen--Bel Air South--Bel Air North","us","400","00 ","ACSSF","0000936",,,,,,,,,,,,,,,,,,,,,,,,,,,"00199",,,,,,,,,,,,,,,,,,0.4104,30.7999992370605
"00280","40000US00280","Abilene, TX Urbanized Area (2010)","Abilene","us","400","00 ","ACSSF","0000937",,,,,,,,,,,,,,,,,,,,,,,,,,,"00280",,,,,,,,,,,,,,,,,,0.4485,29.5
"00631","40000US00631","Aguadilla--Isabela--San Sebastián, PR Urbanized Area (2010)","Aguadilla--Isabela--San Sebastián","pr","400","00 ","ACSSF","0000043",,,,,,,,,,,,,,,,,,,,,,,,,,,"00631",,,,,,,,,,,,,,,,,,0.5309,34
"00766","40000US00766","Akron, OH Urbanized Area (2010)","Akron","us","400","00 ","ACSSF","0000938",,,,,,,,,,,,,,,,,,,,,,,,,,,"00766",,,,,,,,,,,,,,,,,,0.4562,29.2000007629395
"00901","40000US00901","Albany, GA Urbanized Area (2010)","Albany","us","400","00 ","ACSSF","0000939",,,,,,,,,,,,,,,,,,,,,,,,,,,"00901",,,,,,,,,,,,,,,,,,0.4959,32.2000007629395
"00970","40000US00970","Albany--Schenectady, NY Urbanized Area (2010)","Albany--Schenectady","us","400","00 ","ACSSF","0000940",,,,,,,,,,,,,,,,,,,,,,,,,,,"00970",,,,,,,,,,,,,,,,,,0.4535,29
"01171","40000US01171","Albuquerque, NM Urbanized Area (2010)","Albuquerque","us","400","00 ","ACSSF","0000941",,,,,,,,,,,,,,,,,,,,,,,,,,,"01171",,,,,,,,,,,,,,,,,,0.4672,31.1000003814697
"01279","40000US01279","Alexandria, LA Urbanized Area (2010)","Alexandria","us","400","00 ","ACSSF","0000942",,,,,,,,,,,,,,,,,,,,,,,,,,,"01279",,,,,,,,,,,,,,,,,,0.5385,34.4000015258789
"01495","40000US01495","Allentown, PA--NJ Urbanized Area (2010)","Allentown","us","400","00 ","ACSSF","0000943",,,,,,,,,,,,,,,,,,,,,,,,,,,"01495",,,,,,,,,,,,,,,,,,0.4489,29.6000003814697
"01765","40000US01765","Alton, IL--MO Urbanized Area (2010)","Alton","us","400","00 ","ACSSF","0000944",,,,,,,,,,,,,,,,,,,,,,,,,,,"01765",,,,,,,,,,,,,,,,,,0.4172,30.2999992370605
"01792","40000US01792","Altoona, PA Urbanized Area (2010)","Altoona","us","400","00 ","ACSSF","0000945",,,,,,,,,,,,,,,,,,,,,,,,,,,"01792",,,,,,,,,,,,,,,,,,0.4636,28.6000003814697
"01927","40000US01927","Amarillo, TX Urbanized Area (2010)","Amarillo","us","400","00 ","ACSSF","0000946",,,,,,,,,,,,,,,,,,,,,,,,,,,"01927",,,,,,,,,,,,,,,,,,0.4705,27.1000003814697
"02062","40000US02062","Ames, IA Urbanized Area (2010)","Ames","us","400","00 ","ACSSF","0000947",,,,,,,,,,,,,,,,,,,,,,,,,,,"02062",,,,,,,,,,,,,,,,,,0.5042,42.7999992370605
"02305","40000US02305","Anchorage, AK Urbanized Area (2010)","Anchorage","us","400","00 ","ACSSF","0000948",,,,,,,,,,,,,,,,,,,,,,,,,,,"02305",,,,,,,,,,,,,,,,,,0.4077,27.8999996185303
"02386","40000US02386","Anderson, IN Urbanized Area (2010)","Anderson","us","400","00 ","ACSSF","0000949",,,,,,,,,,,,,,,,,,,,,,,,,,,"02386",,,,,,,,,,,,,,,,,,0.4494,28.7999992370605
"02413","40000US02413","Anderson, SC Urbanized Area (2010)","Anderson","us","400","00 ","ACSSF","0000950",,,,,,,,,,,,,,,,,,,,,,,,,,,"02413",,,,,,,,,,,,,,,,,,0.4449,28.2000007629395
"02602","40000US02602","Ann Arbor, MI Urbanized Area (2010)","Ann Arbor","us","400","00 ","ACSSF","0000951",,,,,,,,,,,,,,,,,,,,,,,,,,,"02602",,,,,,,,,,,,,,,,,,0.4971,31.5
"02629","40000US02629","Anniston--Oxford, AL Urbanized Area (2010)","Anniston--Oxford","us","400","00 ","ACSSF","0000952",,,,,,,,,,,,,,,,,,,,,,,,,,,"02629",,,,,,,,,,,,,,,,,,0.455,24.2000007629395
"02683","40000US02683","Antioch, CA Urbanized Area (2010)","Antioch","us","400","00 ","ACSSF","0000953",,,,,,,,,,,,,,,,,,,,,,,,,,,"02683",,,,,,,,,,,,,,,,,,0.4234,34
"02764","40000US02764","Appleton, WI Urbanized Area (2010)","Appleton","us","400","00 ","ACSSF","0000954",,,,,,,,,,,,,,,,,,,,,,,,,,,"02764",,,,,,,,,,,,,,,,,,0.4425,26.2999992370605
"03034","40000US03034","Arecibo, PR Urbanized Area (2010)","Arecibo","pr","400","00 ","ACSSF","0000044",,,,,,,,,,,,,,,,,,,,,,,,,,,"03034",,,,,,,,,,,,,,,,,,0.4831,31.2000007629395
"03358","40000US03358","Asheville, NC Urbanized Area (2010)","Asheville","us","400","00 ","ACSSF","0000955",,,,,,,,,,,,,,,,,,,,,,,,,,,"03358",,,,,,,,,,,,,,,,,,0.4468,27.5
"03763","40000US03763","Athens-Clarke County, GA Urbanized Area (2010)","Athens-Clarke County","us","400","00 ","ACSSF","0000956",,,,,,,,,,,,,,,,,,,,,,,,,,,"03763",,,,,,,,,,,,,,,,,,0.5232,34.5
"03817","40000US03817","Atlanta, GA Urbanized Area (2010)","Atlanta","us","400","00 ","ACSSF","0000957",,,,,,,,,,,,,,,,,,,,,,,,,,,"03817",,,,,,,,,,,,,,,,,,0.475,29.5
"03898","40000US03898","Atlantic City, NJ Urbanized Area (2010)","Atlantic City","us","400","00 ","ACSSF","0000958",,,,,,,,,,,,,,,,,,,,,,,,,,,"03898",,,,,,,,,,,,,,,,,,0.4764,33.2000007629395
"04033","40000US04033","Auburn, AL Urbanized Area (2010)","Auburn","us","400","00 ","ACSSF","0000959",,,,,,,,,,,,,,,,,,,,,,,,,,,"04033",,,,,,,,,,,,,,,,,,0.4929,34.7999992370605
"04222","40000US04222","Augusta-Richmond County, GA--SC Urbanized Area (2010)","Augusta-Richmond County","us","400","00 ","ACSSF","0000960",,,,,,,,,,,,,,,,,,,,,,,,,,,"04222",,,,,,,,,,,,,,,,,,0.461,28.5
"04384","40000US04384","Austin, TX Urbanized Area (2010)","Austin","us","400","00 ","ACSSF","0000961",,,,,,,,,,,,,,,,,,,,,,,,,,,"04384",,,,,,,,,,,,,,,,,,0.4553,29.1000003814697
"04549","40000US04549","Avondale--Goodyear, AZ Urbanized Area (2010)","Avondale--Goodyear","us","400","00 ","ACSSF","0000962",,,,,,,,,,,,,,,,,,,,,,,,,,,"04549",,,,,,,,,,,,,,,,,,0.3979,27.1000003814697
"04681","40000US04681","Bakersfield, CA Urbanized Area (2010)","Bakersfield","us","400","00 ","ACSSF","0000963",,,,,,,,,,,,,,,,,,,,,,,,,,,"04681",,,,,,,,,,,,,,,,,,0.4702,33.5
"04843","40000US04843","Baltimore, MD Urbanized Area (2010)","Baltimore","us","400","00 ","ACSSF","0000964",,,,,,,,,,,,,,,,,,,,,,,,,,,"04843",,,,,,,,,,,,,,,,,,0.4593,28.8999996185303
"05167","40000US05167","Barnstable Town, MA Urbanized Area (2010)","Barnstable Town","us","400","00 ","ACSSF","0000965",,,,,,,,,,,,,,,,,,,,,,,,,,,"05167",,,,,,,,,,,,,,,,,,0.4566,32.7999992370605
"05680","40000US05680","Baton Rouge, LA Urbanized Area (2010)","Baton Rouge","us","400","00 ","ACSSF","0000966",,,,,,,,,,,,,,,,,,,,,,,,,,,"05680",,,,,,,,,,,,,,,,,,0.4983,30.5
"05707","40000US05707","Battle Creek, MI Urbanized Area (2010)","Battle Creek","us","400","00 ","ACSSF","0000967",,,,,,,,,,,,,,,,,,,,,,,,,,,"05707",,,,,,,,,,,,,,,,,,0.4687,33
"05869","40000US05869","Bay City, MI Urbanized Area (2010)","Bay City","us","400","00 ","ACSSF","0000968",,,,,,,,,,,,,,,,,,,,,,,,,,,"05869",,,,,,,,,,,,,,,,,,0.4655,31
"06058","40000US06058","Beaumont, TX Urbanized Area (2010)","Beaumont","us","400","00 ","ACSSF","0000969",,,,,,,,,,,,,,,,,,,,,,,,,,,"06058",,,,,,,,,,,,,,,,,,0.4961,28.8999996185303
"06652","40000US06652","Bellingham, WA Urbanized Area (2010)","Bellingham","us","400","00 ","ACSSF","0000970",,,,,,,,,,,,,,,,,,,,,,,,,,,"06652",,,,,,,,,,,,,,,,,,0.4346,33.2000007629395
"06760","40000US06760","Beloit, WI--IL Urbanized Area (2010)","Beloit","us","400","00 ","ACSSF","0000971",,,,,,,,,,,,,,,,,,,,,,,,,,,"06760",,,,,,,,,,,,,,,,,,0.4273,29
"06868","40000US06868","Bend, OR Urbanized Area (2010)","Bend","us","400","00 ","ACSSF","0000972",,,,,,,,,,,,,,,,,,,,,,,,,,,"06868",,,,,,,,,,,,,,,,,,0.3972,32
"07705","40000US07705","Billings, MT Urbanized Area (2010)","Billings","us","400","00 ","ACSSF","0000973",,,,,,,,,,,,,,,,,,,,,,,,,,,"07705",,,,,,,,,,,,,,,,,,0.4295,26.2999992370605
"07732","40000US07732","Binghamton, NY--PA Urbanized Area (2010)","Binghamton","us","400","00 ","ACSSF","0000974",,,,,,,,,,,,,,,,,,,,,,,,,,,"07732",,,,,,,,,,,,,,,,,,0.4796,33.7000007629395
"07786","40000US07786","Birmingham, AL Urbanized Area (2010)","Birmingham","us","400","00 ","ACSSF","0000975",,,,,,,,,,,,,,,,,,,,,,,,,,,"07786",,,,,,,,,,,,,,,,,,0.5028,29.2000007629395
"07921","40000US07921","Bismarck, ND Urbanized Area (2010)","Bismarck","us","400","00 ","ACSSF","0000976",,,,,,,,,,,,,,,,,,,,,,,,,,,"07921",,,,,,,,,,,,,,,,,,0.4366,23.8999996185303
"08002","40000US08002","Blacksburg, VA Urbanized Area (2010)","Blacksburg","us","400","00 ","ACSSF","0000977",,,,,,,,,,,,,,,,,,,,,,,,,,,"08002",,,,,,,,,,,,,,,,,,0.5665,33.0999984741211
"08380","40000US08380","Bloomington, IN Urbanized Area (2010)","Bloomington","us","400","00 ","ACSSF","0000978",,,,,,,,,,,,,,,,,,,,,,,,,,,"08380",,,,,,,,,,,,,,,,,,0.5308,36.2000007629395
"08407","40000US08407","Bloomington--Normal, IL Urbanized Area (2010)","Bloomington--Normal","us","400","00 ","ACSSF","0000979",,,,,,,,,,,,,,,,,,,,,,,,,,,"08407",,,,,,,,,,,,,,,,,,0.4547,25.2999992370605
"08785","40000US08785","Boise City, ID Urbanized Area (2010)","Boise City","us","400","00 ","ACSSF","0000980",,,,,,,,,,,,,,,,,,,,,,,,,,,"08785",,,,,,,,,,,,,,,,,,0.4751,28.3999996185303
"08974","40000US08974","Bonita Springs, FL Urbanized Area (2010)","Bonita Springs","us","400","00 ","ACSSF","0000981",,,,,,,,,,,,,,,,,,,,,,,,,,,"08974",,,,,,,,,,,,,,,,,,0.5385,31.7999992370605
"09271","40000US09271","Boston, MA--NH--RI Urbanized Area (2010)","Boston","us","400","00 ","ACSSF","0000982",,,,,,,,,,,,,,,,,,,,,,,,,,,"09271",,,,,,,,,,,,,,,,,,0.4791,29.7000007629395
"09298","40000US09298","Boulder, CO Urbanized Area (2010)","Boulder","us","400","00 ","ACSSF","0000983",,,,,,,,,,,,,,,,,,,,,,,,,,,"09298",,,,,,,,,,,,,,,,,,0.5277,38.0999984741211
"09379","40000US09379","Bowling Green, KY Urbanized Area (2010)","Bowling Green","us","400","00 ","ACSSF","0000984",,,,,,,,,,,,,,,,,,,,,,,,,,,"09379",,,,,,,,,,,,,,,,,,0.514,28.2000007629395
"09946","40000US09946","Bremerton, WA Urbanized Area (2010)","Bremerton","us","400","00 ","ACSSF","0000985",,,,,,,,,,,,,,,,,,,,,,,,,,,"09946",,,,,,,,,,,,,,,,,,0.4227,26.2999992370605
"10162","40000US10162","Bridgeport--Stamford, CT--NY Urbanized Area (2010)","Bridgeport--Stamford","us","400","00 ","ACSSF","0000986",,,,,,,,,,,,,,,,,,,,,,,,,,,"10162",,,,,,,,,,,,,,,,,,0.5388,33.0999984741211
"10351","40000US10351","Bristol--Bristol, TN--VA Urbanized Area (2010)","Bristol--Bristol","us","400","00 ","ACSSF","0000987",,,,,,,,,,,,,,,,,,,,,,,,,,,"10351",,,,,,,,,,,,,,,,,,0.4472,28.1000003814697
"10972","40000US10972","Brownsville, TX Urbanized Area (2010)","Brownsville","us","400","00 ","ACSSF","0000988",,,,,,,,,,,,,,,,,,,,,,,,,,,"10972",,,,,,,,,,,,,,,,,,0.5022,34.7000007629395
"11350","40000US11350","Buffalo, NY Urbanized Area (2010)","Buffalo","us","400","00 ","ACSSF","0000989",,,,,,,,,,,,,,,,,,,,,,,,,,,"11350",,,,,,,,,,,,,,,,,,0.4731,29.8999996185303
"11728","40000US11728","Burlington, NC Urbanized Area (2010)","Burlington","us","400","00 ","ACSSF","0000990",,,,,,,,,,,,,,,,,,,,,,,,,,,"11728",,,,,,,,,,,,,,,,,,0.4471,27.2999992370605
"11755","40000US11755","Burlington, VT Urbanized Area (2010)","Burlington","us","400","00 ","ACSSF","0000991",,,,,,,,,,,,,,,,,,,,,,,,,,,"11755",,,,,,,,,,,,,,,,,,0.4386,33.2000007629395
"12754","40000US12754","Camarillo, CA Urbanized Area (2010)","Camarillo","us","400","00 ","ACSSF","0000992",,,,,,,,,,,,,,,,,,,,,,,,,,,"12754",,,,,,,,,,,,,,,,,,0.4317,32.7999992370605
"13375","40000US13375","Canton, OH Urbanized Area (2010)","Canton","us","400","00 ","ACSSF","0000993",,,,,,,,,,,,,,,,,,,,,,,,,,,"13375",,,,,,,,,,,,,,,,,,0.4437,26.1000003814697
"13510","40000US13510","Cape Coral, FL Urbanized Area (2010)","Cape Coral","us","400","00 ","ACSSF","0000994",,,,,,,,,,,,,,,,,,,,,,,,,,,"13510",,,,,,,,,,,,,,,,,,0.4529,32.2000007629395
"13591","40000US13591","Carbondale, IL Urbanized Area (2010)","Carbondale","us","400","00 ","ACSSF","0000995",,,,,,,,,,,,,,,,,,,,,,,,,,,"13591",,,,,,,,,,,,,,,,,,0.4846,34
"14482","40000US14482","Casper, WY Urbanized Area (2010)","Casper","us","400","00 ","ACSSF","0000996",,,,,,,,,,,,,,,,,,,,,,,,,,,"14482",,,,,,,,,,,,,,,,,,0.4435,29.1000003814697
"14752","40000US14752","Cedar Rapids, IA Urbanized Area (2010)","Cedar Rapids","us","400","00 ","ACSSF","0000997",,,,,,,,,,,,,,,,,,,,,,,,,,,"14752",,,,,,,,,,,,,,,,,,0.4365,26.5
"15211","40000US15211","Champaign, IL Urbanized Area (2010)","Champaign","us","400","00 ","ACSSF","0000998",,,,,,,,,,,,,,,,,,,,,,,,,,,"15211",,,,,,,,,,,,,,,,,,0.5368,33
"15481","40000US15481","Charleston, WV Urbanized Area (2010)","Charleston","us","400","00 ","ACSSF","0000999",,,,,,,,,,,,,,,,,,,,,,,,,,,"15481",,,,,,,,,,,,,,,,,,0.4901,28.7999992370605
"15508","40000US15508","Charleston--North Charleston, SC Urbanized Area (2010)","Charleston--North Charleston","us","400","00 ","ACSSF","0001000",,,,,,,,,,,,,,,,,,,,,,,,,,,"15508",,,,,,,,,,,,,,,,,,0.4804,30.7999992370605
"15670","40000US15670","Charlotte, NC--SC Urbanized Area (2010)","Charlotte","us","400","00 ","ACSSF","0001001",,,,,,,,,,,,,,,,,,,,,,,,,,,"15670",,,,,,,,,,,,,,,,,,0.4719,27.6000003814697
"15724","40000US15724","Charlottesville, VA Urbanized Area (2010)","Charlottesville","us","400","00 ","ACSSF","0001002",,,,,,,,,,,,,,,,,,,,,,,,,,,"15724",,,,,,,,,,,,,,,,,,0.4542,31.8999996185303
"15832","40000US15832","Chattanooga, TN--GA Urbanized Area (2010)","Chattanooga","us","400","00 ","ACSSF","0001003",,,,,,,,,,,,,,,,,,,,,,,,,,,"15832",,,,,,,,,,,,,,,,,,0.4913,31.1000003814697
"16237","40000US16237","Cheyenne, WY Urbanized Area (2010)","Cheyenne","us","400","00 ","ACSSF","0001004",,,,,,,,,,,,,,,,,,,,,,,,,,,"16237",,,,,,,,,,,,,,,,,,0.3926,29.8999996185303
"16264","40000US16264","Chicago, IL--IN Urbanized Area (2010)","Chicago","us","400","00 ","ACSSF","0001005",,,,,,,,,,,,,,,,,,,,,,,,,,,"16264",,,,,,,,,,,,,,,,,,0.4882,29.7000007629395
"16318","40000US16318","Chico, CA Urbanized Area (2010)","Chico","us","400","00 ","ACSSF","0001006",,,,,,,,,,,,,,,,,,,,,,,,,,,"16318",,,,,,,,,,,,,,,,,,0.5307,41.5
"16885","40000US16885","Cincinnati, OH--KY--IN Urbanized Area (2010)","Cincinnati","us","400","00 ","ACSSF","0001007",,,,,,,,,,,,,,,,,,,,,,,,,,,"16885",,,,,,,,,,,,,,,,,,0.4704,27.3999996185303
"17317","40000US17317","Clarksville, TN--KY Urbanized Area (2010)","Clarksville","us","400","00 ","ACSSF","0001008",,,,,,,,,,,,,,,,,,,,,,,,,,,"17317",,,,,,,,,,,,,,,,,,0.3961,28.8999996185303
"17668","40000US17668","Cleveland, OH Urbanized Area (2010)","Cleveland","us","400","00 ","ACSSF","0001009",,,,,,,,,,,,,,,,,,,,,,,,,,,"17668",,,,,,,,,,,,,,,,,,0.4939,29.2000007629395
"17722","40000US17722","Cleveland, TN Urbanized Area (2010)","Cleveland","us","400","00 ","ACSSF","0001010",,,,,,,,,,,,,,,,,,,,,,,,,,,"17722",,,,,,,,,,,,,,,,,,0.4497,24.7999992370605
"18451","40000US18451","Coeur d'Alene, ID Urbanized Area (2010)","Coeur d'Alene","us","400","00 ","ACSSF","0001011",,,,,,,,,,,,,,,,,,,,,,,,,,,"18451",,,,,,,,,,,,,,,,,,0.414,30
"18748","40000US18748","College Station--Bryan, TX Urbanized Area (2010)","College Station--Bryan","us","400","00 ","ACSSF","0001012",,,,,,,,,,,,,,,,,,,,,,,,,,,"18748",,,,,,,,,,,,,,,,,,0.5404,41.2000007629395
"18856","40000US18856","Colorado Springs, CO Urbanized Area (2010)","Colorado Springs","us","400","00 ","ACSSF","0001013",,,,,,,,,,,,,,,,,,,,,,,,,,,"18856",,,,,,,,,,,,,,,,,,0.4338,30.1000003814697
"18937","40000US18937","Columbia, MO Urbanized Area (2010)","Columbia","us","400","00 ","ACSSF","0001014",,,,,,,,,,,,,,,,,,,,,,,,,,,"18937",,,,,,,,,,,,,,,,,,0.4873,29.2999992370605
"18964","40000US18964","Columbia, SC Urbanized Area (2010)","Columbia","us","400","00 ","ACSSF","0001015",,,,,,,,,,,,,,,,,,,,,,,,,,,"18964",,,,,,,,,,,,,,,,,,0.4508,30.1000003814697
"19099","40000US19099","Columbus, GA--AL Urbanized Area (2010)","Columbus","us","400","00 ","ACSSF","0001016",,,,,,,,,,,,,,,,,,,,,,,,,,,"19099",,,,,,,,,,,,,,,,,,0.4774,30.3999996185303
"19234","40000US19234","Columbus, OH Urbanized Area (2010)","Columbus","us","400","00 ","ACSSF","0001017",,,,,,,,,,,,,,,,,,,,,,,,,,,"19234",,,,,,,,,,,,,,,,,,0.468,27.3999996185303
"19504","40000US19504","Concord, CA Urbanized Area (2010)","Concord","us","400","00 ","ACSSF","0001018",,,,,,,,,,,,,,,,,,,,,,,,,,,"19504",,,,,,,,,,,,,,,,,,0.4494,28.6000003814697
"19558","40000US19558","Concord, NC Urbanized Area (2010)","Concord","us","400","00 ","ACSSF","0001019",,,,,,,,,,,,,,,,,,,,,,,,,,,"19558",,,,,,,,,,,,,,,,,,0.4316,25.3999996185303
"19755","40000US19755","Conroe--The Woodlands, TX Urbanized Area (2010)","Conroe--The Woodlands","us","400","00 ","ACSSF","0001020",,,,,,,,,,,,,,,,,,,,,,,,,,,"19755",,,,,,,,,,,,,,,,,,0.4857,25.8999996185303
"19801","40000US19801","Conway, AR Urbanized Area (2010)","Conway","us","400","00 ","ACSSF","0001021",,,,,,,,,,,,,,,,,,,,,,,,,,,"19801",,,,,,,,,,,,,,,,,,0.4839,27.7000007629395
"20287","40000US20287","Corpus Christi, TX Urbanized Area (2010)","Corpus Christi","us","400","00 ","ACSSF","0001022",,,,,,,,,,,,,,,,,,,,,,,,,,,"20287",,,,,,,,,,,,,,,,,,0.4399,28.3999996185303
"22042","40000US22042","Dallas--Fort Worth--Arlington, TX Urbanized Area (2010)","Dallas--Fort Worth--Arlington","us","400","00 ","ACSSF","0001023",,,,,,,,,,,,,,,,,,,,,,,,,,,"22042",,,,,,,,,,,,,,,,,,0.4725,28.1000003814697
"22069","40000US22069","Dalton, GA Urbanized Area (2010)","Dalton","us","400","00 ","ACSSF","0001024",,,,,,,,,,,,,,,,,,,,,,,,,,,"22069",,,,,,,,,,,,,,,,,,0.4479,26.2000007629395
"22096","40000US22096","Danbury, CT--NY Urbanized Area (2010)","Danbury","us","400","00 ","ACSSF","0001025",,,,,,,,,,,,,,,,,,,,,,,,,,,"22096",,,,,,,,,,,,,,,,,,0.4436,30.2999992370605
"22285","40000US22285","Daphne--Fairhope, AL Urbanized Area (2010)","Daphne--Fairhope","us","400","00 ","ACSSF","0001026",,,,,,,,,,,,,,,,,,,,,,,,,,,"22285",,,,,,,,,,,,,,,,,,0.4441,29.7999992370605
"22366","40000US22366","Davenport, IA--IL Urbanized Area (2010)","Davenport","us","400","00 ","ACSSF","0001027",,,,,,,,,,,,,,,,,,,,,,,,,,,"22366",,,,,,,,,,,,,,,,,,0.4448,28.7000007629395
"22420","40000US22420","Davis, CA Urbanized Area (2010)","Davis","us","400","00 ","ACSSF","0001028",,,,,,,,,,,,,,,,,,,,,,,,,,,"22420",,,,,,,,,,,,,,,,,,0.5319,37.5999984741211
"22528","40000US22528","Dayton, OH Urbanized Area (2010)","Dayton","us","400","00 ","ACSSF","0001029",,,,,,,,,,,,,,,,,,,,,,,,,,,"22528",,,,,,,,,,,,,,,,,,0.4802,28.7999992370605
"22690","40000US22690","Decatur, AL Urbanized Area (2010)","Decatur","us","400","00 ","ACSSF","0001030",,,,,,,,,,,,,,,,,,,,,,,,,,,"22690",,,,,,,,,,,,,,,,,,0.5012,24.7000007629395
"22717","40000US22717","Decatur, IL Urbanized Area (2010)","Decatur","us","400","00 ","ACSSF","0001031",,,,,,,,,,,,,,,,,,,,,,,,,,,"22717",,,,,,,,,,,,,,,,,,0.4647,31.2999992370605
"22960","40000US22960","DeKalb, IL Urbanized Area (2010)","DeKalb","us","400","00 ","ACSSF","0001032",,,,,,,,,,,,,,,,,,,,,,,,,,,"22960",,,,,,,,,,,,,,,,,,0.475,31.6000003814697
"23311","40000US23311","Deltona, FL Urbanized Area (2010)","Deltona","us","400","00 ","ACSSF","0001033",,,,,,,,,,,,,,,,,,,,,,,,,,,"23311",,,,,,,,,,,,,,,,,,0.4076,30.6000003814697
"23500","40000US23500","Denton--Lewisville, TX Urbanized Area (2010)","Denton--Lewisville","us","400","00 ","ACSSF","0001034",,,,,,,,,,,,,,,,,,,,,,,,,,,"23500",,,,,,,,,,,,,,,,,,0.4525,29.5
"23527","40000US23527","Denver--Aurora, CO Urbanized Area (2010)","Denver--Aurora","us","400","00 ","ACSSF","0001035",,,,,,,,,,,,,,,,,,,,,,,,,,,"23527",,,,,,,,,,,,,,,,,,0.4553,30.8999996185303
"23743","40000US23743","Des Moines, IA Urbanized Area (2010)","Des Moines","us","400","00 ","ACSSF","0001036",,,,,,,,,,,,,,,,,,,,,,,,,,,"23743",,,,,,,,,,,,,,,,,,0.4381,28.6000003814697
"23824","40000US23824","Detroit, MI Urbanized Area (2010)","Detroit","us","400","00 ","ACSSF","0001037",,,,,,,,,,,,,,,,,,,,,,,,,,,"23824",,,,,,,,,,,,,,,,,,0.4872,30.1000003814697
"24472","40000US24472","Dothan, AL Urbanized Area (2010)","Dothan","us","400","00 ","ACSSF","0001038",,,,,,,,,,,,,,,,,,,,,,,,,,,"24472",,,,,,,,,,,,,,,,,,0.5015,30.1000003814697
"24580","40000US24580","Dover, DE Urbanized Area (2010)","Dover","us","400","00 ","ACSSF","0001039",,,,,,,,,,,,,,,,,,,,,,,,,,,"24580",,,,,,,,,,,,,,,,,,0.4249,32.5999984741211
"24607","40000US24607","Dover--Rochester, NH--ME Urbanized Area (2010)","Dover--Rochester","us","400","00 ","ACSSF","0001040",,,,,,,,,,,,,,,,,,,,,,,,,,,"24607",,,,,,,,,,,,,,,,,,0.4037,26.2999992370605
"24823","40000US24823","Dubuque, IA--IL Urbanized Area (2010)","Dubuque","us","400","00 ","ACSSF","0001041",,,,,,,,,,,,,,,,,,,,,,,,,,,"24823",,,,,,,,,,,,,,,,,,0.4637,24.8999996185303
"24850","40000US24850","Duluth, MN--WI Urbanized Area (2010)","Duluth","us","400","00 ","ACSSF","0001042",,,,,,,,,,,,,,,,,,,,,,,,,,,"24850",,,,,,,,,,,,,,,,,,0.4657,29.8999996185303
"25228","40000US25228","Durham, NC Urbanized Area (2010)","Durham","us","400","00 ","ACSSF","0001043",,,,,,,,,,,,,,,,,,,,,,,,,,,"25228",,,,,,,,,,,,,,,,,,0.4911,30.6000003814697
"26038","40000US26038","Eau Claire, WI Urbanized Area (2010)","Eau Claire","us","400","00 ","ACSSF","0001044",,,,,,,,,,,,,,,,,,,,,,,,,,,"26038",,,,,,,,,,,,,,,,,,0.4461,28.6000003814697
"26416","40000US26416","El Centro--Calexico, CA Urbanized Area (2010)","El Centro--Calexico","us","400","00 ","ACSSF","0001045",,,,,,,,,,,,,,,,,,,,,,,,,,,"26416",,,,,,,,,,,,,,,,,,0.4418,31.1000003814697
"26750","40000US26750","Elizabethtown--Radcliff, KY Urbanized Area (2010)","Elizabethtown--Radcliff","us","400","00 ","ACSSF","0001046",,,,,,,,,,,,,,,,,,,,,,,,,,,"26750",,,,,,,,,,,,,,,,,,0.4592,25.3999996185303
"26794","40000US26794","Elkhart, IN--MI Urbanized Area (2010)","Elkhart","us","400","00 ","ACSSF","0001047",,,,,,,,,,,,,,,,,,,,,,,,,,,"26794",,,,,,,,,,,,,,,,,,0.3946,27.1000003814697
"27118","40000US27118","Elmira, NY Urbanized Area (2010)","Elmira","us","400","00 ","ACSSF","0001048",,,,,,,,,,,,,,,,,,,,,,,,,,,"27118",,,,,,,,,,,,,,,,,,0.4567,31.6000003814697
"27253","40000US27253","El Paso, TX--NM Urbanized Area (2010)","El Paso","us","400","00 ","ACSSF","0001049",,,,,,,,,,,,,,,,,,,,,,,,,,,"27253",,,,,,,,,,,,,,,,,,0.4691,30.6000003814697
"27261","40000US27261","El Paso de Robles (Paso Robles)--Atascadero, CA Urbanized Area (2010)","El Paso de Robles (Paso Robles)--Atascadero","us","400","00 ","ACSSF","0001050",,,,,,,,,,,,,,,,,,,,,,,,,,,"27261",,,,,,,,,,,,,,,,,,0.4004,24.1000003814697
"27766","40000US27766","Erie, PA Urbanized Area (2010)","Erie","us","400","00 ","ACSSF","0001051",,,,,,,,,,,,,,,,,,,,,,,,,,,"27766",,,,,,,,,,,,,,,,,,0.4504,28.5
"28117","40000US28117","Eugene, OR Urbanized Area (2010)","Eugene","us","400","00 ","ACSSF","0001052",,,,,,,,,,,,,,,,,,,,,,,,,,,"28117",,,,,,,,,,,,,,,,,,0.4746,34.4000015258789
"28333","40000US28333","Evansville, IN--KY Urbanized Area (2010)","Evansville","us","400","00 ","ACSSF","0001053",,,,,,,,,,,,,,,,,,,,,,,,,,,"28333",,,,,,,,,,,,,,,,,,0.4658,29.7999992370605
"28549","40000US28549","Fairbanks, AK Urbanized Area (2010)","Fairbanks","us","400","00 ","ACSSF","0001054",,,,,,,,,,,,,,,,,,,,,,,,,,,"28549",,,,,,,,,,,,,,,,,,0.3672,24.8999996185303
"28657","40000US28657","Fairfield, CA Urbanized Area (2010)","Fairfield","us","400","00 ","ACSSF","0001055",,,,,,,,,,,,,,,,,,,,,,,,,,,"28657",,,,,,,,,,,,,,,,,,0.4516,31.7999992370605
"28981","40000US28981","Fajardo, PR Urbanized Area (2010)","Fajardo","pr","400","00 ","ACSSF","0000045",,,,,,,,,,,,,,,,,,,,,,,,,,,"28981",,,,,,,,,,,,,,,,,,0.4748,29.7999992370605
"29089","40000US29089","Fargo, ND--MN Urbanized Area (2010)","Fargo","us","400","00 ","ACSSF","0001056",,,,,,,,,,,,,,,,,,,,,,,,,,,"29089",,,,,,,,,,,,,,,,,,0.4424,27.2999992370605
"29440","40000US29440","Fayetteville, NC Urbanized Area (2010)","Fayetteville","us","400","00 ","ACSSF","0001057",,,,,,,,,,,,,,,,,,,,,,,,,,,"29440",,,,,,,,,,,,,,,,,,0.4349,29.7000007629395
"29494","40000US29494","Fayetteville--Springdale--Rogers, AR--MO Urbanized Area (2010)","Fayetteville--Springdale--Rogers","us","400","00 ","ACSSF","0001058",,,,,,,,,,,,,,,,,,,,,,,,,,,"29494",,,,,,,,,,,,,,,,,,0.4727,26.2000007629395
"29818","40000US29818","Flagstaff, AZ Urbanized Area (2010)","Flagstaff","us","400","00 ","ACSSF","0001059",,,,,,,,,,,,,,,,,,,,,,,,,,,"29818",,,,,,,,,,,,,,,,,,0.4623,36
"29872","40000US29872","Flint, MI Urbanized Area (2010)","Flint","us","400","00 ","ACSSF","0001060",,,,,,,,,,,,,,,,,,,,,,,,,,,"29872",,,,,,,,,,,,,,,,,,0.4843,34
"29953","40000US29953","Florence, AL Urbanized Area (2010)","Florence","us","400","00 ","ACSSF","0001061",,,,,,,,,,,,,,,,,,,,,,,,,,,"29953",,,,,,,,,,,,,,,,,,0.4551,26.2999992370605
"30061","40000US30061","Florence, SC Urbanized Area (2010)","Florence","us","400","00 ","ACSSF","0001062",,,,,,,,,,,,,,,,,,,,,,,,,,,"30061",,,,,,,,,,,,,,,,,,0.4756,28.5
"30115","40000US30115","Florida--Imbéry--Barceloneta, PR Urbanized Area (2010)","Florida--Imbéry--Barceloneta","pr","400","00 ","ACSSF","0000046",,,,,,,,,,,,,,,,,,,,,,,,,,,"30115",,,,,,,,,,,,,,,,,,0.4615,33.5
"30628","40000US30628","Fort Collins, CO Urbanized Area (2010)","Fort Collins","us","400","00 ","ACSSF","0001063",,,,,,,,,,,,,,,,,,,,,,,,,,,"30628",,,,,,,,,,,,,,,,,,0.4337,34.2000007629395
"30925","40000US30925","Fort Smith, AR--OK Urbanized Area (2010)","Fort Smith","us","400","00 ","ACSSF","0001064",,,,,,,,,,,,,,,,,,,,,,,,,,,"30925",,,,,,,,,,,,,,,,,,0.4682,27.3999996185303
"31060","40000US31060","Fort Walton Beach--Navarre--Wright, FL Urbanized Area (2010)","Fort Walton Beach--Navarre--Wright","us","400","00 ","ACSSF","0001065",,,,,,,,,,,,,,,,,,,,,,,,,,,"31060",,,,,,,,,,,,,,,,,,0.4363,29.5
"31087","40000US31087","Fort Wayne, IN Urbanized Area (2010)","Fort Wayne","us","400","00 ","ACSSF","0001066",,,,,,,,,,,,,,,,,,,,,,,,,,,"31087",,,,,,,,,,,,,,,,,,0.4547,27.1000003814697
"31519","40000US31519","Frederick, MD Urbanized Area (2010)","Frederick","us","400","00 ","ACSSF","0001067",,,,,,,,,,,,,,,,,,,,,,,,,,,"31519",,,,,,,,,,,,,,,,,,0.4201,29.7999992370605
"31600","40000US31600","Fredericksburg, VA Urbanized Area (2010)","Fredericksburg","us","400","00 ","ACSSF","0001068",,,,,,,,,,,,,,,,,,,,,,,,,,,"31600",,,,,,,,,,,,,,,,,,0.3768,30.2999992370605
"31843","40000US31843","Fresno, CA Urbanized Area (2010)","Fresno","us","400","00 ","ACSSF","0001069",,,,,,,,,,,,,,,,,,,,,,,,,,,"31843",,,,,,,,,,,,,,,,,,0.5001,37.4000015258789
"32167","40000US32167","Gainesville, FL Urbanized Area (2010)","Gainesville","us","400","00 ","ACSSF","0001070",,,,,,,,,,,,,,,,,,,,,,,,,,,"32167",,,,,,,,,,,,,,,,,,0.5242,37.2999992370605
"32194","40000US32194","Gainesville, GA Urbanized Area (2010)","Gainesville","us","400","00 ","ACSSF","0001071",,,,,,,,,,,,,,,,,,,,,,,,,,,"32194",,,,,,,,,,,,,,,,,,0.4148,28.2000007629395
"32653","40000US32653","Gastonia, NC--SC Urbanized Area (2010)","Gastonia","us","400","00 ","ACSSF","0001072",,,,,,,,,,,,,,,,,,,,,,,,,,,"32653",,,,,,,,,,,,,,,,,,0.5083,27.6000003814697
"33328","40000US33328","Gilroy--Morgan Hill, CA Urbanized Area (2010)","Gilroy--Morgan Hill","us","400","00 ","ACSSF","0001073",,,,,,,,,,,,,,,,,,,,,,,,,,,"33328",,,,,,,,,,,,,,,,,,0.4299,35.7000007629395
"33598","40000US33598","Glens Falls, NY Urbanized Area (2010)","Glens Falls","us","400","00 ","ACSSF","0001074",,,,,,,,,,,,,,,,,,,,,,,,,,,"33598",,,,,,,,,,,,,,,,,,0.4549,29.6000003814697
"34219","40000US34219","Grand Forks, ND--MN Urbanized Area (2010)","Grand Forks","us","400","00 ","ACSSF","0001075",,,,,,,,,,,,,,,,,,,,,,,,,,,"34219",,,,,,,,,,,,,,,,,,0.4685,31.2999992370605
"34273","40000US34273","Grand Junction, CO Urbanized Area (2010)","Grand Junction","us","400","00 ","ACSSF","0001076",,,,,,,,,,,,,,,,,,,,,,,,,,,"34273",,,,,,,,,,,,,,,,,,0.4355,34.5999984741211
"34300","40000US34300","Grand Rapids, MI Urbanized Area (2010)","Grand Rapids","us","400","00 ","ACSSF","0001077",,,,,,,,,,,,,,,,,,,,,,,,,,,"34300",,,,,,,,,,,,,,,,,,0.4491,28
"34759","40000US34759","Great Falls, MT Urbanized Area (2010)","Great Falls","us","400","00 ","ACSSF","0001078",,,,,,,,,,,,,,,,,,,,,,,,,,,"34759",,,,,,,,,,,,,,,,,,0.4725,29.7000007629395
"34786","40000US34786","Greeley, CO Urbanized Area (2010)","Greeley","us","400","00 ","ACSSF","0001079",,,,,,,,,,,,,,,,,,,,,,,,,,,"34786",,,,,,,,,,,,,,,,,,0.4736,33.7999992370605
"34813","40000US34813","Green Bay, WI Urbanized Area (2010)","Green Bay","us","400","00 ","ACSSF","0001080",,,,,,,,,,,,,,,,,,,,,,,,,,,"34813",,,,,,,,,,,,,,,,,,0.4369,24.8999996185303
"35164","40000US35164","Greensboro, NC Urbanized Area (2010)","Greensboro","us","400","00 ","ACSSF","0001081",,,,,,,,,,,,,,,,,,,,,,,,,,,"35164",,,,,,,,,,,,,,,,,,0.5084,29.3999996185303
"35380","40000US35380","Greenville, NC Urbanized Area (2010)","Greenville","us","400","00 ","ACSSF","0001082",,,,,,,,,,,,,,,,,,,,,,,,,,,"35380",,,,,,,,,,,,,,,,,,0.5186,32.7000007629395
"35461","40000US35461","Greenville, SC Urbanized Area (2010)","Greenville","us","400","00 ","ACSSF","0001083",,,,,,,,,,,,,,,,,,,,,,,,,,,"35461",,,,,,,,,,,,,,,,,,0.4909,29.7000007629395
"35866","40000US35866","Guayama, PR Urbanized Area (2010)","Guayama","pr","400","00 ","ACSSF","0000047",,,,,,,,,,,,,,,,,,,,,,,,,,,"35866",,,,,,,,,,,,,,,,,,0.53,27.5
"35920","40000US35920","Gulfport, MS Urbanized Area (2010)","Gulfport","us","400","00 ","ACSSF","0001084",,,,,,,,,,,,,,,,,,,,,,,,,,,"35920",,,,,,,,,,,,,,,,,,0.4506,30.6000003814697
"36190","40000US36190","Hagerstown, MD--WV--PA Urbanized Area (2010)","Hagerstown","us","400","00 ","ACSSF","0001085",,,,,,,,,,,,,,,,,,,,,,,,,,,"36190",,,,,,,,,,,,,,,,,,0.438,28.7000007629395
"36514","40000US36514","Hammond, LA Urbanized Area (2010)","Hammond","us","400","00 ","ACSSF","0001086",,,,,,,,,,,,,,,,,,,,,,,,,,,"36514",,,,,,,,,,,,,,,,,,0.5168,38.5
"36703","40000US36703","Hanford, CA Urbanized Area (2010)","Hanford","us","400","00 ","ACSSF","0001087",,,,,,,,,,,,,,,,,,,,,,,,,,,"36703",,,,,,,,,,,,,,,,,,0.446,27.3999996185303
"36784","40000US36784","Hanover, PA Urbanized Area (2010)","Hanover","us","400","00 ","ACSSF","0001088",,,,,,,,,,,,,,,,,,,,,,,,,,,"36784",,,,,,,,,,,,,,,,,,0.3862,30.1000003814697
"36892","40000US36892","Harlingen, TX Urbanized Area (2010)","Harlingen","us","400","00 ","ACSSF","0001089",,,,,,,,,,,,,,,,,,,,,,,,,,,"36892",,,,,,,,,,,,,,,,,,0.4607,31.7000007629395
"37081","40000US37081","Harrisburg, PA Urbanized Area (2010)","Harrisburg","us","400","00 ","ACSSF","0001090",,,,,,,,,,,,,,,,,,,,,,,,,,,"37081",,,,,,,,,,,,,,,,,,0.4359,26.7000007629395
"37162","40000US37162","Harrisonburg, VA Urbanized Area (2010)","Harrisonburg","us","400","00 ","ACSSF","0001091",,,,,,,,,,,,,,,,,,,,,,,,,,,"37162",,,,,,,,,,,,,,,,,,0.4959,33.5
"37243","40000US37243","Hartford, CT Urbanized Area (2010)","Hartford","us","400","00 ","ACSSF","0001092",,,,,,,,,,,,,,,,,,,,,,,,,,,"37243",,,,,,,,,,,,,,,,,,0.47,30.6000003814697
"37594","40000US37594","Hattiesburg, MS Urbanized Area (2010)","Hattiesburg","us","400","00 ","ACSSF","0001093",,,,,,,,,,,,,,,,,,,,,,,,,,,"37594",,,,,,,,,,,,,,,,,,0.5544,25.8999996185303
"38215","40000US38215","Hemet, CA Urbanized Area (2010)","Hemet","us","400","00 ","ACSSF","0001094",,,,,,,,,,,,,,,,,,,,,,,,,,,"38215",,,,,,,,,,,,,,,,,,0.446,34.0999984741211
"38647","40000US38647","Hickory, NC Urbanized Area (2010)","Hickory","us","400","00 ","ACSSF","0001095",,,,,,,,,,,,,,,,,,,,,,,,,,,"38647",,,,,,,,,,,,,,,,,,0.4668,27.6000003814697
"38809","40000US38809","High Point, NC Urbanized Area (2010)","High Point","us","400","00 ","ACSSF","0001096",,,,,,,,,,,,,,,,,,,,,,,,,,,"38809",,,,,,,,,,,,,,,,,,0.4637,31.8999996185303
"39079","40000US39079","Hilton Head Island, SC Urbanized Area (2010)","Hilton Head Island","us","400","00 ","ACSSF","0001097",,,,,,,,,,,,,,,,,,,,,,,,,,,"39079",,,,,,,,,,,,,,,,,,0.4945,30.8999996185303
"39430","40000US39430","Holland, MI Urbanized Area (2010)","Holland","us","400","00 ","ACSSF","0001098",,,,,,,,,,,,,,,,,,,,,,,,,,,"39430",,,,,,,,,,,,,,,,,,0.4034,26.7000007629395
"39758","40000US39758","Homosassa Springs--Beverly Hills--Citrus Springs, FL Urbanized Area (2010)","Homosassa Springs--Beverly Hills--Citrus Springs","us","400","00 ","ACSSF","0001099",,,,,,,,,,,,,,,,,,,,,,,,,,,"39758",,,,,,,,,,,,,,,,,,0.4313,35.5999984741211
"40375","40000US40375","Houma, LA Urbanized Area (2010)","Houma","us","400","00 ","ACSSF","0001100",,,,,,,,,,,,,,,,,,,,,,,,,,,"40375",,,,,,,,,,,,,,,,,,0.4767,30.1000003814697
"40429","40000US40429","Houston, TX Urbanized Area (2010)","Houston","us","400","00 ","ACSSF","0001101",,,,,,,,,,,,,,,,,,,,,,,,,,,"40429",,,,,,,,,,,,,,,,,,0.4908,29.8999996185303
"40753","40000US40753","Huntington, WV--KY--OH Urbanized Area (2010)","Huntington","us","400","00 ","ACSSF","0001102",,,,,,,,,,,,,,,,,,,,,,,,,,,"40753",,,,,,,,,,,,,,,,,,0.478,30.3999996185303
"40780","40000US40780","Huntsville, AL Urbanized Area (2010)","Huntsville","us","400","00 ","ACSSF","0001103",,,,,,,,,,,,,,,,,,,,,,,,,,,"40780",,,,,,,,,,,,,,,,,,0.4878,29.5
"40996","40000US40996","Idaho Falls, ID Urbanized Area (2010)","Idaho Falls","us","400","00 ","ACSSF","0001104",,,,,,,,,,,,,,,,,,,,,,,,,,,"40996",,,,,,,,,,,,,,,,,,0.418,25.1000003814697
"41212","40000US41212","Indianapolis, IN Urbanized Area (2010)","Indianapolis","us","400","00 ","ACSSF","0001105",,,,,,,,,,,,,,,,,,,,,,,,,,,"41212",,,,,,,,,,,,,,,,,,0.4812,29.3999996185303
"41347","40000US41347","Indio--Cathedral City, CA Urbanized Area (2010)","Indio--Cathedral City","us","400","00 ","ACSSF","0001106",,,,,,,,,,,,,,,,,,,,,,,,,,,"41347",,,,,,,,,,,,,,,,,,0.513,34.5
"41590","40000US41590","Iowa City, IA Urbanized Area (2010)","Iowa City","us","400","00 ","ACSSF","0001107",,,,,,,,,,,,,,,,,,,,,,,,,,,"41590",,,,,,,,,,,,,,,,,,0.4957,39.7999992370605
"42157","40000US42157","Jackson, MI Urbanized Area (2010)","Jackson","us","400","00 ","ACSSF","0001108",,,,,,,,,,,,,,,,,,,,,,,,,,,"42157",,,,,,,,,,,,,,,,,,0.448,29.7000007629395
"42211","40000US42211","Jackson, MS Urbanized Area (2010)","Jackson","us","400","00 ","ACSSF","0001109",,,,,,,,,,,,,,,,,,,,,,,,,,,"42211",,,,,,,,,,,,,,,,,,0.4637,29.3999996185303
"42265","40000US42265","Jackson, TN Urbanized Area (2010)","Jackson","us","400","00 ","ACSSF","0001110",,,,,,,,,,,,,,,,,,,,,,,,,,,"42265",,,,,,,,,,,,,,,,,,0.5022,33.9000015258789
"42346","40000US42346","Jacksonville, FL Urbanized Area (2010)","Jacksonville","us","400","00 ","ACSSF","0001111",,,,,,,,,,,,,,,,,,,,,,,,,,,"42346",,,,,,,,,,,,,,,,,,0.4624,29.1000003814697
"42400","40000US42400","Jacksonville, NC Urbanized Area (2010)","Jacksonville","us","400","00 ","ACSSF","0001112",,,,,,,,,,,,,,,,,,,,,,,,,,,"42400",,,,,,,,,,,,,,,,,,0.3928,29.7000007629395
"42562","40000US42562","Janesville, WI Urbanized Area (2010)","Janesville","us","400","00 ","ACSSF","0001113",,,,,,,,,,,,,,,,,,,,,,,,,,,"42562",,,,,,,,,,,,,,,,,,0.4353,28.2999992370605
"43210","40000US43210","Johnson City, TN Urbanized Area (2010)","Johnson City","us","400","00 ","ACSSF","0001114",,,,,,,,,,,,,,,,,,,,,,,,,,,"43210",,,,,,,,,,,,,,,,,,0.4785,27.3999996185303
"43291","40000US43291","Johnstown, PA Urbanized Area (2010)","Johnstown","us","400","00 ","ACSSF","0001115",,,,,,,,,,,,,,,,,,,,,,,,,,,"43291",,,,,,,,,,,,,,,,,,0.4662,28.6000003814697
"43345","40000US43345","Jonesboro, AR Urbanized Area (2010)","Jonesboro","us","400","00 ","ACSSF","0001116",,,,,,,,,,,,,,,,,,,,,,,,,,,"43345",,,,,,,,,,,,,,,,,,0.4952,27.7999992370605
"43399","40000US43399","Joplin, MO Urbanized Area (2010)","Joplin","us","400","00 ","ACSSF","0001117",,,,,,,,,,,,,,,,,,,,,,,,,,,"43399",,,,,,,,,,,,,,,,,,0.4473,28.5
"43453","40000US43453","Juana Díaz, PR Urbanized Area (2010)","Juana Díaz","pr","400","00 ","ACSSF","0000048",,,,,,,,,,,,,,,,,,,,,,,,,,,"43453",,,,,,,,,,,,,,,,,,0.5084,26.2999992370605
"43615","40000US43615","Kahului, HI Urbanized Area (2010)","Kahului","us","400","00 ","ACSSF","0001118",,,,,,,,,,,,,,,,,,,,,,,,,,,"43615",,,,,,,,,,,,,,,,,,0.4327,27.8999996185303
"43669","40000US43669","Kailua (Honolulu County)--Kaneohe, HI Urbanized Area (2010)","Kailua (Honolulu County)--Kaneohe","us","400","00 ","ACSSF","0001119",,,,,,,,,,,,,,,,,,,,,,,,,,,"43669",,,,,,,,,,,,,,,,,,0.3891,35.5
"43723","40000US43723","Kalamazoo, MI Urbanized Area (2010)","Kalamazoo","us","400","00 ","ACSSF","0001120",,,,,,,,,,,,,,,,,,,,,,,,,,,"43723",,,,,,,,,,,,,,,,,,0.4643,31.3999996185303
"43885","40000US43885","Kankakee, IL Urbanized Area (2010)","Kankakee","us","400","00 ","ACSSF","0001121",,,,,,,,,,,,,,,,,,,,,,,,,,,"43885",,,,,,,,,,,,,,,,,,0.3948,25.5
"43912","40000US43912","Kansas City, MO--KS Urbanized Area (2010)","Kansas City","us","400","00 ","ACSSF","0001122",,,,,,,,,,,,,,,,,,,,,,,,,,,"43912",,,,,,,,,,,,,,,,,,0.463,27.3999996185303
"44479","40000US44479","Kennewick--Pasco, WA Urbanized Area (2010)","Kennewick--Pasco","us","400","00 ","ACSSF","0001123",,,,,,,,,,,,,,,,,,,,,,,,,,,"44479",,,,,,,,,,,,,,,,,,0.4264,28.7999992370605
"44506","40000US44506","Kenosha, WI--IL Urbanized Area (2010)","Kenosha","us","400","00 ","ACSSF","0001124",,,,,,,,,,,,,,,,,,,,,,,,,,,"44506",,,,,,,,,,,,,,,,,,0.4565,30.5
"44992","40000US44992","Killeen, TX Urbanized Area (2010)","Killeen","us","400","00 ","ACSSF","0001125",,,,,,,,,,,,,,,,,,,,,,,,,,,"44992",,,,,,,,,,,,,,,,,,0.4054,27.1000003814697
"45235","40000US45235","Kingsport, TN--VA Urbanized Area (2010)","Kingsport","us","400","00 ","ACSSF","0001126",,,,,,,,,,,,,,,,,,,,,,,,,,,"45235",,,,,,,,,,,,,,,,,,0.4668,27.5
"45451","40000US45451","Kissimmee, FL Urbanized Area (2010)","Kissimmee","us","400","00 ","ACSSF","0001127",,,,,,,,,,,,,,,,,,,,,,,,,,,"45451",,,,,,,,,,,,,,,,,,0.4088,34.4000015258789
"45640","40000US45640","Knoxville, TN Urbanized Area (2010)","Knoxville","us","400","00 ","ACSSF","0001128",,,,,,,,,,,,,,,,,,,,,,,,,,,"45640",,,,,,,,,,,,,,,,,,0.4733,28.1000003814697
"45910","40000US45910","La Crosse, WI--MN Urbanized Area (2010)","La Crosse","us","400","00 ","ACSSF","0001129",,,,,,,,,,,,,,,,,,,,,,,,,,,"45910",,,,,,,,,,,,,,,,,,0.4352,29.5
"45937","40000US45937","Lady Lake--The Villages, FL Urbanized Area (2010)","Lady Lake--The Villages","us","400","00 ","ACSSF","0001130",,,,,,,,,,,,,,,,,,,,,,,,,,,"45937",,,,,,,,,,,,,,,,,,0.3828,31.2000007629395
"46018","40000US46018","Lafayette, IN Urbanized Area (2010)","Lafayette","us","400","00 ","ACSSF","0001131",,,,,,,,,,,,,,,,,,,,,,,,,,,"46018",,,,,,,,,,,,,,,,,,0.4788,34.0999984741211
"46045","40000US46045","Lafayette, LA Urbanized Area (2010)","Lafayette","us","400","00 ","ACSSF","0001132",,,,,,,,,,,,,,,,,,,,,,,,,,,"46045",,,,,,,,,,,,,,,,,,0.4962,30.6000003814697
"46126","40000US46126","Lafayette--Louisville--Erie, CO Urbanized Area (2010)","Lafayette--Louisville--Erie","us","400","00 ","ACSSF","0001133",,,,,,,,,,,,,,,,,,,,,,,,,,,"46126",,,,,,,,,,,,,,,,,,0.4066,33
"46531","40000US46531","Lake Charles, LA Urbanized Area (2010)","Lake Charles","us","400","00 ","ACSSF","0001134",,,,,,,,,,,,,,,,,,,,,,,,,,,"46531",,,,,,,,,,,,,,,,,,0.4944,30.5
"46801","40000US46801","Lake Jackson--Angleton, TX Urbanized Area (2010)","Lake Jackson--Angleton","us","400","00 ","ACSSF","0001135",,,,,,,,,,,,,,,,,,,,,,,,,,,"46801",,,,,,,,,,,,,,,,,,0.4244,23
"46828","40000US46828","Lakeland, FL Urbanized Area (2010)","Lakeland","us","400","00 ","ACSSF","0001136",,,,,,,,,,,,,,,,,,,,,,,,,,,"46828",,,,,,,,,,,,,,,,,,0.4491,29.1000003814697
"47530","40000US47530","Lancaster, PA Urbanized Area (2010)","Lancaster","us","400","00 ","ACSSF","0001137",,,,,,,,,,,,,,,,,,,,,,,,,,,"47530",,,,,,,,,,,,,,,,,,0.4344,29.6000003814697
"47611","40000US47611","Lancaster--Palmdale, CA Urbanized Area (2010)","Lancaster--Palmdale","us","400","00 ","ACSSF","0001138",,,,,,,,,,,,,,,,,,,,,,,,,,,"47611",,,,,,,,,,,,,,,,,,0.4587,36.5
"47719","40000US47719","Lansing, MI Urbanized Area (2010)","Lansing","us","400","00 ","ACSSF","0001139",,,,,,,,,,,,,,,,,,,,,,,,,,,"47719",,,,,,,,,,,,,,,,,,0.4725,30.6000003814697
"47854","40000US47854","Laredo, TX Urbanized Area (2010)","Laredo","us","400","00 ","ACSSF","0001140",,,,,,,,,,,,,,,,,,,,,,,,,,,"47854",,,,,,,,,,,,,,,,,,0.5038,38
"47935","40000US47935","Las Cruces, NM Urbanized Area (2010)","Las Cruces","us","400","00 ","ACSSF","0001141",,,,,,,,,,,,,,,,,,,,,,,,,,,"47935",,,,,,,,,,,,,,,,,,0.471,32.7000007629395
"47995","40000US47995","Las Vegas--Henderson, NV Urbanized Area (2010)","Las Vegas--Henderson","us","400","00 ","ACSSF","0001142",,,,,,,,,,,,,,,,,,,,,,,,,,,"47995",,,,,,,,,,,,,,,,,,0.4565,30.7000007629395
"48232","40000US48232","Lawrence, KS Urbanized Area (2010)","Lawrence","us","400","00 ","ACSSF","0001143",,,,,,,,,,,,,,,,,,,,,,,,,,,"48232",,,,,,,,,,,,,,,,,,0.4805,33.9000015258789
"48394","40000US48394","Lawton, OK Urbanized Area (2010)","Lawton","us","400","00 ","ACSSF","0001144",,,,,,,,,,,,,,,,,,,,,,,,,,,"48394",,,,,,,,,,,,,,,,,,0.4419,25.8999996185303
"48664","40000US48664","Lebanon, PA Urbanized Area (2010)","Lebanon","us","400","00 ","ACSSF","0001145",,,,,,,,,,,,,,,,,,,,,,,,,,,"48664",,,,,,,,,,,,,,,,,,0.3697,28.3999996185303
"48799","40000US48799","Leesburg--Eustis--Tavares, FL Urbanized Area (2010)","Leesburg--Eustis--Tavares","us","400","00 ","ACSSF","0001146",,,,,,,,,,,,,,,,,,,,,,,,,,,"48799",,,,,,,,,,,,,,,,,,0.432,32.7999992370605
"48826","40000US48826","Lee's Summit, MO Urbanized Area (2010)","Lee's Summit","us","400","00 ","ACSSF","0001147",,,,,,,,,,,,,,,,,,,,,,,,,,,"48826",,,,,,,,,,,,,,,,,,0.4181,33
"49096","40000US49096","Leominster--Fitchburg, MA Urbanized Area (2010)","Leominster--Fitchburg","us","400","00 ","ACSSF","0001148",,,,,,,,,,,,,,,,,,,,,,,,,,,"49096",,,,,,,,,,,,,,,,,,0.4351,28.5
"49582","40000US49582","Lexington-Fayette, KY Urbanized Area (2010)","Lexington-Fayette","us","400","00 ","ACSSF","0001149",,,,,,,,,,,,,,,,,,,,,,,,,,,"49582",,,,,,,,,,,,,,,,,,0.493,29
"49852","40000US49852","Lima, OH Urbanized Area (2010)","Lima","us","400","00 ","ACSSF","0001150",,,,,,,,,,,,,,,,,,,,,,,,,,,"49852",,,,,,,,,,,,,,,,,,0.5041,29.2999992370605
"49933","40000US49933","Lincoln, NE Urbanized Area (2010)","Lincoln","us","400","00 ","ACSSF","0001151",,,,,,,,,,,,,,,,,,,,,,,,,,,"49933",,,,,,,,,,,,,,,,,,0.4543,28.6000003814697
"50392","40000US50392","Little Rock, AR Urbanized Area (2010)","Little Rock","us","400","00 ","ACSSF","0001152",,,,,,,,,,,,,,,,,,,,,,,,,,,"50392",,,,,,,,,,,,,,,,,,0.4835,28.2999992370605
"50527","40000US50527","Livermore, CA Urbanized Area (2010)","Livermore","us","400","00 ","ACSSF","0001153",,,,,,,,,,,,,,,,,,,,,,,,,,,"50527",,,,,,,,,,,,,,,,,,0.4038,30.6000003814697
"50851","40000US50851","Lodi, CA Urbanized Area (2010)","Lodi","us","400","00 ","ACSSF","0001154",,,,,,,,,,,,,,,,,,,,,,,,,,,"50851",,,,,,,,,,,,,,,,,,0.4296,30.3999996185303
"50959","40000US50959","Logan, UT Urbanized Area (2010)","Logan","us","400","00 ","ACSSF","0001155",,,,,,,,,,,,,,,,,,,,,,,,,,,"50959",,,,,,,,,,,,,,,,,,0.4393,29.3999996185303
"51175","40000US51175","Longmont, CO Urbanized Area (2010)","Longmont","us","400","00 ","ACSSF","0001156",,,,,,,,,,,,,,,,,,,,,,,,,,,"51175",,,,,,,,,,,,,,,,,,0.4487,34.2000007629395
"51256","40000US51256","Longview, TX Urbanized Area (2010)","Longview","us","400","00 ","ACSSF","0001157",,,,,,,,,,,,,,,,,,,,,,,,,,,"51256",,,,,,,,,,,,,,,,,,0.4709,32.7000007629395
"51283","40000US51283","Longview, WA--OR Urbanized Area (2010)","Longview","us","400","00 ","ACSSF","0001158",,,,,,,,,,,,,,,,,,,,,,,,,,,"51283",,,,,,,,,,,,,,,,,,0.4496,34.0999984741211
"51364","40000US51364","Lorain--Elyria, OH Urbanized Area (2010)","Lorain--Elyria","us","400","00 ","ACSSF","0001159",,,,,,,,,,,,,,,,,,,,,,,,,,,"51364",,,,,,,,,,,,,,,,,,0.4429,30.3999996185303
"51445","40000US51445","Los Angeles--Long Beach--Anaheim, CA Urbanized Area (2010)","Los Angeles--Long Beach--Anaheim","us","400","00 ","ACSSF","0001160",,,,,,,,,,,,,,,,,,,,,,,,,,,"51445",,,,,,,,,,,,,,,,,,0.495,34.0999984741211
"51755","40000US51755","Louisville/Jefferson County, KY--IN Urbanized Area (2010)","Louisville/Jefferson County","us","400","00 ","ACSSF","0001161",,,,,,,,,,,,,,,,,,,,,,,,,,,"51755",,,,,,,,,,,,,,,,,,0.4687,27.8999996185303
"51877","40000US51877","Lubbock, TX Urbanized Area (2010)","Lubbock","us","400","00 ","ACSSF","0001162",,,,,,,,,,,,,,,,,,,,,,,,,,,"51877",,,,,,,,,,,,,,,,,,0.468,29.3999996185303
"52201","40000US52201","Lynchburg, VA Urbanized Area (2010)","Lynchburg","us","400","00 ","ACSSF","0001163",,,,,,,,,,,,,,,,,,,,,,,,,,,"52201",,,,,,,,,,,,,,,,,,0.4672,27.7999992370605
"52390","40000US52390","McAllen, TX Urbanized Area (2010)","McAllen","us","400","00 ","ACSSF","0001164",,,,,,,,,,,,,,,,,,,,,,,,,,,"52390",,,,,,,,,,,,,,,,,,0.4981,32.5
"52687","40000US52687","McKinney, TX Urbanized Area (2010)","McKinney","us","400","00 ","ACSSF","0001165",,,,,,,,,,,,,,,,,,,,,,,,,,,"52687",,,,,,,,,,,,,,,,,,0.3934,27
"52822","40000US52822","Macon, GA Urbanized Area (2010)","Macon","us","400","00 ","ACSSF","0001166",,,,,,,,,,,,,,,,,,,,,,,,,,,"52822",,,,,,,,,,,,,,,,,,0.5062,35
"52984","40000US52984","Madera, CA Urbanized Area (2010)","Madera","us","400","00 ","ACSSF","0001167",,,,,,,,,,,,,,,,,,,,,,,,,,,"52984",,,,,,,,,,,,,,,,,,0.4347,37.4000015258789
"53200","40000US53200","Madison, WI Urbanized Area (2010)","Madison","us","400","00 ","ACSSF","0001168",,,,,,,,,,,,,,,,,,,,,,,,,,,"53200",,,,,,,,,,,,,,,,,,0.44,28.8999996185303
"53740","40000US53740","Manchester, NH Urbanized Area (2010)","Manchester","us","400","00 ","ACSSF","0001169",,,,,,,,,,,,,,,,,,,,,,,,,,,"53740",,,,,,,,,,,,,,,,,,0.4381,29.2000007629395
"53794","40000US53794","Mandeville--Covington, LA Urbanized Area (2010)","Mandeville--Covington","us","400","00 ","ACSSF","0001170",,,,,,,,,,,,,,,,,,,,,,,,,,,"53794",,,,,,,,,,,,,,,,,,0.4484,29
"54091","40000US54091","Mansfield, OH Urbanized Area (2010)","Mansfield","us","400","00 ","ACSSF","0001171",,,,,,,,,,,,,,,,,,,,,,,,,,,"54091",,,,,,,,,,,,,,,,,,0.4157,27.2999992370605
"54145","40000US54145","Manteca, CA Urbanized Area (2010)","Manteca","us","400","00 ","ACSSF","0001172",,,,,,,,,,,,,,,,,,,,,,,,,,,"54145",,,,,,,,,,,,,,,,,,0.405,34.2999992370605
"55333","40000US55333","Marysville, WA Urbanized Area (2010)","Marysville","us","400","00 ","ACSSF","0001173",,,,,,,,,,,,,,,,,,,,,,,,,,,"55333",,,,,,,,,,,,,,,,,,0.3716,29.5
"55603","40000US55603","Mauldin--Simpsonville, SC Urbanized Area (2010)","Mauldin--Simpsonville","us","400","00 ","ACSSF","0001174",,,,,,,,,,,,,,,,,,,,,,,,,,,"55603",,,,,,,,,,,,,,,,,,0.3873,24
"55738","40000US55738","Mayagüez, PR Urbanized Area (2010)","Mayagüez","pr","400","00 ","ACSSF","0000049",,,,,,,,,,,,,,,,,,,,,,,,,,,"55738",,,,,,,,,,,,,,,,,,0.577,43
"55981","40000US55981","Medford, OR Urbanized Area (2010)","Medford","us","400","00 ","ACSSF","0001175",,,,,,,,,,,,,,,,,,,,,,,,,,,"55981",,,,,,,,,,,,,,,,,,0.4861,35.0999984741211
"56116","40000US56116","Memphis, TN--MS--AR Urbanized Area (2010)","Memphis","us","400","00 ","ACSSF","0001176",,,,,,,,,,,,,,,,,,,,,,,,,,,"56116",,,,,,,,,,,,,,,,,,0.4997,31.3999996185303
"56251","40000US56251","Merced, CA Urbanized Area (2010)","Merced","us","400","00 ","ACSSF","0001177",,,,,,,,,,,,,,,,,,,,,,,,,,,"56251",,,,,,,,,,,,,,,,,,0.4691,31.5
"56602","40000US56602","Miami, FL Urbanized Area (2010)","Miami","us","400","00 ","ACSSF","0001178",,,,,,,,,,,,,,,,,,,,,,,,,,,"56602",,,,,,,,,,,,,,,,,,0.5132,37.2000007629395
"56926","40000US56926","Middletown, OH Urbanized Area (2010)","Middletown","us","400","00 ","ACSSF","0001179",,,,,,,,,,,,,,,,,,,,,,,,,,,"56926",,,,,,,,,,,,,,,,,,0.4362,28.6000003814697
"57007","40000US57007","Midland, TX Urbanized Area (2010)","Midland","us","400","00 ","ACSSF","0001180",,,,,,,,,,,,,,,,,,,,,,,,,,,"57007",,,,,,,,,,,,,,,,,,0.4856,26
"57466","40000US57466","Milwaukee, WI Urbanized Area (2010)","Milwaukee","us","400","00 ","ACSSF","0001181",,,,,,,,,,,,,,,,,,,,,,,,,,,"57466",,,,,,,,,,,,,,,,,,0.4898,29.3999996185303
"57628","40000US57628","Minneapolis--St. Paul, MN--WI Urbanized Area (2010)","Minneapolis--St. Paul","us","400","00 ","ACSSF","0001182",,,,,,,,,,,,,,,,,,,,,,,,,,,"57628",,,,,,,,,,,,,,,,,,0.4542,28.6000003814697
"57709","40000US57709","Mission Viejo--Lake Forest--San Clemente, CA Urbanized Area (2010)","Mission Viejo--Lake Forest--San Clemente","us","400","00 ","ACSSF","0001183",,,,,,,,,,,,,,,,,,,,,,,,,,,"57709",,,,,,,,,,,,,,,,,,0.459,34.2000007629395
"57736","40000US57736","Missoula, MT Urbanized Area (2010)","Missoula","us","400","00 ","ACSSF","0001184",,,,,,,,,,,,,,,,,,,,,,,,,,,"57736",,,,,,,,,,,,,,,,,,0.4875,30.2999992370605
"57925","40000US57925","Mobile, AL Urbanized Area (2010)","Mobile","us","400","00 ","ACSSF","0001185",,,,,,,,,,,,,,,,,,,,,,,,,,,"57925",,,,,,,,,,,,,,,,,,0.4845,30.6000003814697
"58006","40000US58006","Modesto, CA Urbanized Area (2010)","Modesto","us","400","00 ","ACSSF","0001186",,,,,,,,,,,,,,,,,,,,,,,,,,,"58006",,,,,,,,,,,,,,,,,,0.438,34.7000007629395
"58330","40000US58330","Monroe, LA Urbanized Area (2010)","Monroe","us","400","00 ","ACSSF","0001187",,,,,,,,,,,,,,,,,,,,,,,,,,,"58330",,,,,,,,,,,,,,,,,,0.5291,33.0999984741211
"58600","40000US58600","Montgomery, AL Urbanized Area (2010)","Montgomery","us","400","00 ","ACSSF","0001188",,,,,,,,,,,,,,,,,,,,,,,,,,,"58600",,,,,,,,,,,,,,,,,,0.4913,33.5
"59275","40000US59275","Morgantown, WV Urbanized Area (2010)","Morgantown","us","400","00 ","ACSSF","0001189",,,,,,,,,,,,,,,,,,,,,,,,,,,"59275",,,,,,,,,,,,,,,,,,0.5442,34.2000007629395
"60490","40000US60490","Mount Vernon, WA Urbanized Area (2010)","Mount Vernon","us","400","00 ","ACSSF","0001190",,,,,,,,,,,,,,,,,,,,,,,,,,,"60490",,,,,,,,,,,,,,,,,,0.4307,27.5
"60625","40000US60625","Muncie, IN Urbanized Area (2010)","Muncie","us","400","00 ","ACSSF","0001191",,,,,,,,,,,,,,,,,,,,,,,,,,,"60625",,,,,,,,,,,,,,,,,,0.4946,32.5
"60733","40000US60733","Murfreesboro, TN Urbanized Area (2010)","Murfreesboro","us","400","00 ","ACSSF","0001192",,,,,,,,,,,,,,,,,,,,,,,,,,,"60733",,,,,,,,,,,,,,,,,,0.4156,28.7000007629395
"60799","40000US60799","Murrieta--Temecula--Menifee, CA Urbanized Area (2010)","Murrieta--Temecula--Menifee","us","400","00 ","ACSSF","0001193",,,,,,,,,,,,,,,,,,,,,,,,,,,"60799",,,,,,,,,,,,,,,,,,0.408,32.7000007629395
"60841","40000US60841","Muskegon, MI Urbanized Area (2010)","Muskegon","us","400","00 ","ACSSF","0001194",,,,,,,,,,,,,,,,,,,,,,,,,,,"60841",,,,,,,,,,,,,,,,,,0.4539,28.8999996185303
"60895","40000US60895","Myrtle Beach--Socastee, SC--NC Urbanized Area (2010)","Myrtle Beach--Socastee","us","400","00 ","ACSSF","0001195",,,,,,,,,,,,,,,,,,,,,,,,,,,"60895",,,,,,,,,,,,,,,,,,0.4503,32.0999984741211
"60976","40000US60976","Nampa, ID Urbanized Area (2010)","Nampa","us","400","00 ","ACSSF","0001196",,,,,,,,,,,,,,,,,,,,,,,,,,,"60976",,,,,,,,,,,,,,,,,,0.4006,28.2000007629395
"61057","40000US61057","Napa, CA Urbanized Area (2010)","Napa","us","400","00 ","ACSSF","0001197",,,,,,,,,,,,,,,,,,,,,,,,,,,"61057",,,,,,,,,,,,,,,,,,0.4526,31.2000007629395
"61165","40000US61165","Nashua, NH--MA Urbanized Area (2010)","Nashua","us","400","00 ","ACSSF","0001198",,,,,,,,,,,,,,,,,,,,,,,,,,,"61165",,,,,,,,,,,,,,,,,,0.4017,25.7999992370605
"61273","40000US61273","Nashville-Davidson, TN Urbanized Area (2010)","Nashville-Davidson","us","400","00 ","ACSSF","0001199",,,,,,,,,,,,,,,,,,,,,,,,,,,"61273",,,,,,,,,,,,,,,,,,0.4705,28.2999992370605
"61705","40000US61705","Newark, OH Urbanized Area (2010)","Newark","us","400","00 ","ACSSF","0001200",,,,,,,,,,,,,,,,,,,,,,,,,,,"61705",,,,,,,,,,,,,,,,,,0.4914,29.8999996185303
"61786","40000US61786","New Bedford, MA Urbanized Area (2010)","New Bedford","us","400","00 ","ACSSF","0001201",,,,,,,,,,,,,,,,,,,,,,,,,,,"61786",,,,,,,,,,,,,,,,,,0.4596,29.2000007629395
"62407","40000US62407","New Haven, CT Urbanized Area (2010)","New Haven","us","400","00 ","ACSSF","0001202",,,,,,,,,,,,,,,,,,,,,,,,,,,"62407",,,,,,,,,,,,,,,,,,0.4654,30.5
"62677","40000US62677","New Orleans, LA Urbanized Area (2010)","New Orleans","us","400","00 ","ACSSF","0001203",,,,,,,,,,,,,,,,,,,,,,,,,,,"62677",,,,,,,,,,,,,,,,,,0.5161,34.5
"63217","40000US63217","New York--Newark, NY--NJ--CT Urbanized Area (2010)","New York--Newark","us","400","00 ","ACSSF","0001204",,,,,,,,,,,,,,,,,,,,,,,,,,,"63217",,,,,,,,,,,,,,,,,,0.5154,31.7999992370605
"63433","40000US63433","Norman, OK Urbanized Area (2010)","Norman","us","400","00 ","ACSSF","0001205",,,,,,,,,,,,,,,,,,,,,,,,,,,"63433",,,,,,,,,,,,,,,,,,0.4758,29.6000003814697
"63838","40000US63838","North Port--Port Charlotte, FL Urbanized Area (2010)","North Port--Port Charlotte","us","400","00 ","ACSSF","0001206",,,,,,,,,,,,,,,,,,,,,,,,,,,"63838",,,,,,,,,,,,,,,,,,0.4621,28.8999996185303
"64135","40000US64135","Norwich--New London, CT--RI Urbanized Area (2010)","Norwich--New London","us","400","00 ","ACSSF","0001207",,,,,,,,,,,,,,,,,,,,,,,,,,,"64135",,,,,,,,,,,,,,,,,,0.4568,28.7999992370605
"64567","40000US64567","Ocala, FL Urbanized Area (2010)","Ocala","us","400","00 ","ACSSF","0001208",,,,,,,,,,,,,,,,,,,,,,,,,,,"64567",,,,,,,,,,,,,,,,,,0.4335,33
"64864","40000US64864","Odessa, TX Urbanized Area (2010)","Odessa","us","400","00 ","ACSSF","0001209",,,,,,,,,,,,,,,,,,,,,,,,,,,"64864",,,,,,,,,,,,,,,,,,0.5139,27
"64945","40000US64945","Ogden--Layton, UT Urbanized Area (2010)","Ogden--Layton","us","400","00 ","ACSSF","0001210",,,,,,,,,,,,,,,,,,,,,,,,,,,"64945",,,,,,,,,,,,,,,,,,0.3974,25.5
"65080","40000US65080","Oklahoma City, OK Urbanized Area (2010)","Oklahoma City","us","400","00 ","ACSSF","0001211",,,,,,,,,,,,,,,,,,,,,,,,,,,"65080",,,,,,,,,,,,,,,,,,0.4595,27.8999996185303
"65242","40000US65242","Olympia--Lacey, WA Urbanized Area (2010)","Olympia--Lacey","us","400","00 ","ACSSF","0001212",,,,,,,,,,,,,,,,,,,,,,,,,,,"65242",,,,,,,,,,,,,,,,,,0.4118,34.0999984741211
"65269","40000US65269","Omaha, NE--IA Urbanized Area (2010)","Omaha","us","400","00 ","ACSSF","0001213",,,,,,,,,,,,,,,,,,,,,,,,,,,"65269",,,,,,,,,,,,,,,,,,0.4468,28.7000007629395
"65863","40000US65863","Orlando, FL Urbanized Area (2010)","Orlando","us","400","00 ","ACSSF","0001214",,,,,,,,,,,,,,,,,,,,,,,,,,,"65863",,,,,,,,,,,,,,,,,,0.4717,32.5
"66160","40000US66160","Oshkosh, WI Urbanized Area (2010)","Oshkosh","us","400","00 ","ACSSF","0001215",,,,,,,,,,,,,,,,,,,,,,,,,,,"66160",,,,,,,,,,,,,,,,,,0.4117,27.2999992370605
"66484","40000US66484","Owensboro, KY Urbanized Area (2010)","Owensboro","us","400","00 ","ACSSF","0001216",,,,,,,,,,,,,,,,,,,,,,,,,,,"66484",,,,,,,,,,,,,,,,,,0.4564,28
"66673","40000US66673","Oxnard, CA Urbanized Area (2010)","Oxnard","us","400","00 ","ACSSF","0001217",,,,,,,,,,,,,,,,,,,,,,,,,,,"66673",,,,,,,,,,,,,,,,,,0.4195,33.4000015258789
"67105","40000US67105","Palm Bay--Melbourne, FL Urbanized Area (2010)","Palm Bay--Melbourne","us","400","00 ","ACSSF","0001218",,,,,,,,,,,,,,,,,,,,,,,,,,,"67105",,,,,,,,,,,,,,,,,,0.4653,29.6000003814697
"67134","40000US67134","Palm Coast--Daytona Beach--Port Orange, FL Urbanized Area (2010)","Palm Coast--Daytona Beach--Port Orange","us","400","00 ","ACSSF","0001219",,,,,,,,,,,,,,,,,,,,,,,,,,,"67134",,,,,,,,,,,,,,,,,,0.4761,33.5
"67294","40000US67294","Panama City, FL Urbanized Area (2010)","Panama City","us","400","00 ","ACSSF","0001220",,,,,,,,,,,,,,,,,,,,,,,,,,,"67294",,,,,,,,,,,,,,,,,,0.4519,31.7000007629395
"67672","40000US67672","Parkersburg, WV--OH Urbanized Area (2010)","Parkersburg","us","400","00 ","ACSSF","0001221",,,,,,,,,,,,,,,,,,,,,,,,,,,"67672",,,,,,,,,,,,,,,,,,0.5342,29.1000003814697
"68482","40000US68482","Pensacola, FL--AL Urbanized Area (2010)","Pensacola","us","400","00 ","ACSSF","0001222",,,,,,,,,,,,,,,,,,,,,,,,,,,"68482",,,,,,,,,,,,,,,,,,0.443,30.5
"68509","40000US68509","Peoria, IL Urbanized Area (2010)","Peoria","us","400","00 ","ACSSF","0001223",,,,,,,,,,,,,,,,,,,,,,,,,,,"68509",,,,,,,,,,,,,,,,,,0.4566,27.7999992370605
"68887","40000US68887","Petaluma, CA Urbanized Area (2010)","Petaluma","us","400","00 ","ACSSF","0001224",,,,,,,,,,,,,,,,,,,,,,,,,,,"68887",,,,,,,,,,,,,,,,,,0.4567,31.3999996185303
"69076","40000US69076","Philadelphia, PA--NJ--DE--MD Urbanized Area (2010)","Philadelphia","us","400","00 ","ACSSF","0001225",,,,,,,,,,,,,,,,,,,,,,,,,,,"69076",,,,,,,,,,,,,,,,,,0.4869,30.7000007629395
"69184","40000US69184","Phoenix--Mesa, AZ Urbanized Area (2010)","Phoenix--Mesa","us","400","00 ","ACSSF","0001226",,,,,,,,,,,,,,,,,,,,,,,,,,,"69184",,,,,,,,,,,,,,,,,,0.4721,29.2000007629395
"69697","40000US69697","Pittsburgh, PA Urbanized Area (2010)","Pittsburgh","us","400","00 ","ACSSF","0001227",,,,,,,,,,,,,,,,,,,,,,,,,,,"69697",,,,,,,,,,,,,,,,,,0.4668,27.1000003814697
"70426","40000US70426","Pocatello, ID Urbanized Area (2010)","Pocatello","us","400","00 ","ACSSF","0001228",,,,,,,,,,,,,,,,,,,,,,,,,,,"70426",,,,,,,,,,,,,,,,,,0.4735,27.2000007629395
"70642","40000US70642","Ponce, PR Urbanized Area (2010)","Ponce","pr","400","00 ","ACSSF","0000050",,,,,,,,,,,,,,,,,,,,,,,,,,,"70642",,,,,,,,,,,,,,,,,,0.5509,32.0999984741211
"70993","40000US70993","Port Arthur, TX Urbanized Area (2010)","Port Arthur","us","400","00 ","ACSSF","0001229",,,,,,,,,,,,,,,,,,,,,,,,,,,"70993",,,,,,,,,,,,,,,,,,0.4636,30.1000003814697
"71074","40000US71074","Porterville, CA Urbanized Area (2010)","Porterville","us","400","00 ","ACSSF","0001230",,,,,,,,,,,,,,,,,,,,,,,,,,,"71074",,,,,,,,,,,,,,,,,,0.4734,31.7000007629395
"71155","40000US71155","Port Huron, MI Urbanized Area (2010)","Port Huron","us","400","00 ","ACSSF","0001231",,,,,,,,,,,,,,,,,,,,,,,,,,,"71155",,,,,,,,,,,,,,,,,,0.4488,30.7000007629395
"71263","40000US71263","Portland, ME Urbanized Area (2010)","Portland","us","400","00 ","ACSSF","0001232",,,,,,,,,,,,,,,,,,,,,,,,,,,"71263",,,,,,,,,,,,,,,,,,0.4828,29.7000007629395
"71317","40000US71317","Portland, OR--WA Urbanized Area (2010)","Portland","us","400","00 ","ACSSF","0001233",,,,,,,,,,,,,,,,,,,,,,,,,,,"71317",,,,,,,,,,,,,,,,,,0.4511,30
"71479","40000US71479","Port St. Lucie, FL Urbanized Area (2010)","Port St. Lucie","us","400","00 ","ACSSF","0001234",,,,,,,,,,,,,,,,,,,,,,,,,,,"71479",,,,,,,,,,,,,,,,,,0.4699,36.2000007629395
"71506","40000US71506","Portsmouth, NH--ME Urbanized Area (2010)","Portsmouth","us","400","00 ","ACSSF","0001235",,,,,,,,,,,,,,,,,,,,,,,,,,,"71506",,,,,,,,,,,,,,,,,,0.4586,24.6000003814697
"71749","40000US71749","Pottstown, PA Urbanized Area (2010)","Pottstown","us","400","00 ","ACSSF","0001236",,,,,,,,,,,,,,,,,,,,,,,,,,,"71749",,,,,,,,,,,,,,,,,,0.4054,34
"71803","40000US71803","Poughkeepsie--Newburgh, NY--NJ Urbanized Area (2010)","Poughkeepsie--Newburgh","us","400","00 ","ACSSF","0001237",,,,,,,,,,,,,,,,,,,,,,,,,,,"71803",,,,,,,,,,,,,,,,,,0.4363,33.2999992370605
"72112","40000US72112","Prescott Valley--Prescott, AZ Urbanized Area (2010)","Prescott Valley--Prescott","us","400","00 ","ACSSF","0001238",,,,,,,,,,,,,,,,,,,,,,,,,,,"72112",,,,,,,,,,,,,,,,,,0.4733,29.2999992370605
"72505","40000US72505","Providence, RI--MA Urbanized Area (2010)","Providence","us","400","00 ","ACSSF","0001239",,,,,,,,,,,,,,,,,,,,,,,,,,,"72505",,,,,,,,,,,,,,,,,,0.48,29.3999996185303
"72559","40000US72559","Provo--Orem, UT Urbanized Area (2010)","Provo--Orem","us","400","00 ","ACSSF","0001240",,,,,,,,,,,,,,,,,,,,,,,,,,,"72559",,,,,,,,,,,,,,,,,,0.4166,28
"72613","40000US72613","Pueblo, CO Urbanized Area (2010)","Pueblo","us","400","00 ","ACSSF","0001241",,,,,,,,,,,,,,,,,,,,,,,,,,,"72613",,,,,,,,,,,,,,,,,,0.4624,33.2000007629395
"73153","40000US73153","Racine, WI Urbanized Area (2010)","Racine","us","400","00 ","ACSSF","0001242",,,,,,,,,,,,,,,,,,,,,,,,,,,"73153",,,,,,,,,,,,,,,,,,0.4345,30.2999992370605
"73261","40000US73261","Raleigh, NC Urbanized Area (2010)","Raleigh","us","400","00 ","ACSSF","0001243",,,,,,,,,,,,,,,,,,,,,,,,,,,"73261",,,,,,,,,,,,,,,,,,0.4434,26.6000003814697
"73396","40000US73396","Rapid City, SD Urbanized Area (2010)","Rapid City","us","400","00 ","ACSSF","0001244",,,,,,,,,,,,,,,,,,,,,,,,,,,"73396",,,,,,,,,,,,,,,,,,0.4579,29.7999992370605
"73693","40000US73693","Reading, PA Urbanized Area (2010)","Reading","us","400","00 ","ACSSF","0001245",,,,,,,,,,,,,,,,,,,,,,,,,,,"73693",,,,,,,,,,,,,,,,,,0.4541,30.8999996185303
"73774","40000US73774","Redding, CA Urbanized Area (2010)","Redding","us","400","00 ","ACSSF","0001246",,,,,,,,,,,,,,,,,,,,,,,,,,,"73774",,,,,,,,,,,,,,,,,,0.4686,34.5
"74179","40000US74179","Reno, NV--CA Urbanized Area (2010)","Reno","us","400","00 ","ACSSF","0001247",,,,,,,,,,,,,,,,,,,,,,,,,,,"74179",,,,,,,,,,,,,,,,,,0.4638,29.5
"74746","40000US74746","Richmond, VA Urbanized Area (2010)","Richmond","us","400","00 ","ACSSF","0001248",,,,,,,,,,,,,,,,,,,,,,,,,,,"74746",,,,,,,,,,,,,,,,,,0.4731,31.1000003814697
"75340","40000US75340","Riverside--San Bernardino, CA Urbanized Area (2010)","Riverside--San Bernardino","us","400","00 ","ACSSF","0001249",,,,,,,,,,,,,,,,,,,,,,,,,,,"75340",,,,,,,,,,,,,,,,,,0.4364,35.5999984741211
"75421","40000US75421","Roanoke, VA Urbanized Area (2010)","Roanoke","us","400","00 ","ACSSF","0001250",,,,,,,,,,,,,,,,,,,,,,,,,,,"75421",,,,,,,,,,,,,,,,,,0.4754,28.2000007629395
"75637","40000US75637","Rochester, MN Urbanized Area (2010)","Rochester","us","400","00 ","ACSSF","0001251",,,,,,,,,,,,,,,,,,,,,,,,,,,"75637",,,,,,,,,,,,,,,,,,0.4345,30.7000007629395
"75664","40000US75664","Rochester, NY Urbanized Area (2010)","Rochester","us","400","00 ","ACSSF","0001252",,,,,,,,,,,,,,,,,,,,,,,,,,,"75664",,,,,,,,,,,,,,,,,,0.4679,32
"75718","40000US75718","Rockford, IL Urbanized Area (2010)","Rockford","us","400","00 ","ACSSF","0001253",,,,,,,,,,,,,,,,,,,,,,,,,,,"75718",,,,,,,,,,,,,,,,,,0.4731,28.8999996185303
"75745","40000US75745","Rock Hill, SC Urbanized Area (2010)","Rock Hill","us","400","00 ","ACSSF","0001254",,,,,,,,,,,,,,,,,,,,,,,,,,,"75745",,,,,,,,,,,,,,,,,,0.4451,30.1000003814697
"75988","40000US75988","Rocky Mount, NC Urbanized Area (2010)","Rocky Mount","us","400","00 ","ACSSF","0001255",,,,,,,,,,,,,,,,,,,,,,,,,,,"75988",,,,,,,,,,,,,,,,,,0.4643,27.6000003814697
"76474","40000US76474","Round Lake Beach--McHenry--Grayslake, IL--WI Urbanized Area (2010)","Round Lake Beach--McHenry--Grayslake","us","400","00 ","ACSSF","0001256",,,,,,,,,,,,,,,,,,,,,,,,,,,"76474",,,,,,,,,,,,,,,,,,0.3962,28.6000003814697
"77068","40000US77068","Sacramento, CA Urbanized Area (2010)","Sacramento","us","400","00 ","ACSSF","0001257",,,,,,,,,,,,,,,,,,,,,,,,,,,"77068",,,,,,,,,,,,,,,,,,0.4684,32
"77149","40000US77149","Saginaw, MI Urbanized Area (2010)","Saginaw","us","400","00 ","ACSSF","0001258",,,,,,,,,,,,,,,,,,,,,,,,,,,"77149",,,,,,,,,,,,,,,,,,0.4435,32.5999984741211
"77230","40000US77230","St. Augustine, FL Urbanized Area (2010)","St. Augustine","us","400","00 ","ACSSF","0001259",,,,,,,,,,,,,,,,,,,,,,,,,,,"77230",,,,,,,,,,,,,,,,,,0.4624,34.7999992370605
"77338","40000US77338","St. Cloud, MN Urbanized Area (2010)","St. Cloud","us","400","00 ","ACSSF","0001260",,,,,,,,,,,,,,,,,,,,,,,,,,,"77338",,,,,,,,,,,,,,,,,,0.4524,27.6000003814697
"77446","40000US77446","St. George, UT Urbanized Area (2010)","St. George","us","400","00 ","ACSSF","0001261",,,,,,,,,,,,,,,,,,,,,,,,,,,"77446",,,,,,,,,,,,,,,,,,0.4666,33.2000007629395
"77743","40000US77743","St. Joseph, MO--KS Urbanized Area (2010)","St. Joseph","us","400","00 ","ACSSF","0001262",,,,,,,,,,,,,,,,,,,,,,,,,,,"77743",,,,,,,,,,,,,,,,,,0.4778,26.7000007629395
"77770","40000US77770","St. Louis, MO--IL Urbanized Area (2010)","St. Louis","us","400","00 ","ACSSF","0001263",,,,,,,,,,,,,,,,,,,,,,,,,,,"77770",,,,,,,,,,,,,,,,,,0.4759,28.3999996185303
"78229","40000US78229","Salem, OR Urbanized Area (2010)","Salem","us","400","00 ","ACSSF","0001264",,,,,,,,,,,,,,,,,,,,,,,,,,,"78229",,,,,,,,,,,,,,,,,,0.4186,30.7000007629395
"78310","40000US78310","Salinas, CA Urbanized Area (2010)","Salinas","us","400","00 ","ACSSF","0001265",,,,,,,,,,,,,,,,,,,,,,,,,,,"78310",,,,,,,,,,,,,,,,,,0.4452,31.1000003814697
"78364","40000US78364","Salisbury, MD--DE Urbanized Area (2010)","Salisbury","us","400","00 ","ACSSF","0001266",,,,,,,,,,,,,,,,,,,,,,,,,,,"78364",,,,,,,,,,,,,,,,,,0.4347,34.5999984741211
"78499","40000US78499","Salt Lake City--West Valley City, UT Urbanized Area (2010)","Salt Lake City--West Valley City","us","400","00 ","ACSSF","0001267",,,,,,,,,,,,,,,,,,,,,,,,,,,"78499",,,,,,,,,,,,,,,,,,0.4333,27.7999992370605
"78553","40000US78553","San Angelo, TX Urbanized Area (2010)","San Angelo","us","400","00 ","ACSSF","0001268",,,,,,,,,,,,,,,,,,,,,,,,,,,"78553",,,,,,,,,,,,,,,,,,0.4474,29.7999992370605
"78580","40000US78580","San Antonio, TX Urbanized Area (2010)","San Antonio","us","400","00 ","ACSSF","0001269",,,,,,,,,,,,,,,,,,,,,,,,,,,"78580",,,,,,,,,,,,,,,,,,0.4533,29.3999996185303
"78661","40000US78661","San Diego, CA Urbanized Area (2010)","San Diego","us","400","00 ","ACSSF","0001270",,,,,,,,,,,,,,,,,,,,,,,,,,,"78661",,,,,,,,,,,,,,,,,,0.4655,33.7000007629395
"78904","40000US78904","San Francisco--Oakland, CA Urbanized Area (2010)","San Francisco--Oakland","us","400","00 ","ACSSF","0001271",,,,,,,,,,,,,,,,,,,,,,,,,,,"78904",,,,,,,,,,,,,,,,,,0.4889,28.2999992370605
"78985","40000US78985","San Germán--Cabo Rojo--Sabana Grande, PR Urbanized Area (2010)","San Germán--Cabo Rojo--Sabana Grande","pr","400","00 ","ACSSF","0000051",,,,,,,,,,,,,,,,,,,,,,,,,,,"78985",,,,,,,,,,,,,,,,,,0.5284,36.9000015258789
"79039","40000US79039","San Jose, CA Urbanized Area (2010)","San Jose","us","400","00 ","ACSSF","0001272",,,,,,,,,,,,,,,,,,,,,,,,,,,"79039",,,,,,,,,,,,,,,,,,0.4644,29.1000003814697
"79093","40000US79093","San Juan, PR Urbanized Area (2010)","San Juan","pr","400","00 ","ACSSF","0000052",,,,,,,,,,,,,,,,,,,,,,,,,,,"79093",,,,,,,,,,,,,,,,,,0.5438,30.7999992370605
"79201","40000US79201","San Marcos, TX Urbanized Area (2010)","San Marcos","us","400","00 ","ACSSF","0001273",,,,,,,,,,,,,,,,,,,,,,,,,,,"79201",,,,,,,,,,,,,,,,,,0.4965,35.7999992370605
"79282","40000US79282","Santa Barbara, CA Urbanized Area (2010)","Santa Barbara","us","400","00 ","ACSSF","0001274",,,,,,,,,,,,,,,,,,,,,,,,,,,"79282",,,,,,,,,,,,,,,,,,0.4957,38.0999984741211
"79309","40000US79309","Santa Clarita, CA Urbanized Area (2010)","Santa Clarita","us","400","00 ","ACSSF","0001275",,,,,,,,,,,,,,,,,,,,,,,,,,,"79309",,,,,,,,,,,,,,,,,,0.4146,32.7999992370605
"79336","40000US79336","Santa Cruz, CA Urbanized Area (2010)","Santa Cruz","us","400","00 ","ACSSF","0001276",,,,,,,,,,,,,,,,,,,,,,,,,,,"79336",,,,,,,,,,,,,,,,,,0.49,34.7999992370605
"79363","40000US79363","Santa Fe, NM Urbanized Area (2010)","Santa Fe","us","400","00 ","ACSSF","0001277",,,,,,,,,,,,,,,,,,,,,,,,,,,"79363",,,,,,,,,,,,,,,,,,0.4653,27.2000007629395
"79417","40000US79417","Santa Maria, CA Urbanized Area (2010)","Santa Maria","us","400","00 ","ACSSF","0001278",,,,,,,,,,,,,,,,,,,,,,,,,,,"79417",,,,,,,,,,,,,,,,,,0.4117,33.0999984741211
"79498","40000US79498","Santa Rosa, CA Urbanized Area (2010)","Santa Rosa","us","400","00 ","ACSSF","0001279",,,,,,,,,,,,,,,,,,,,,,,,,,,"79498",,,,,,,,,,,,,,,,,,0.4303,33.2000007629395
"79606","40000US79606","Sarasota--Bradenton, FL Urbanized Area (2010)","Sarasota--Bradenton","us","400","00 ","ACSSF","0001280",,,,,,,,,,,,,,,,,,,,,,,,,,,"79606",,,,,,,,,,,,,,,,,,0.4775,33.0999984741211
"79633","40000US79633","Saratoga Springs, NY Urbanized Area (2010)","Saratoga Springs","us","400","00 ","ACSSF","0001281",,,,,,,,,,,,,,,,,,,,,,,,,,,"79633",,,,,,,,,,,,,,,,,,0.479,26.6000003814697
"79768","40000US79768","Savannah, GA Urbanized Area (2010)","Savannah","us","400","00 ","ACSSF","0001282",,,,,,,,,,,,,,,,,,,,,,,,,,,"79768",,,,,,,,,,,,,,,,,,0.487,27.7000007629395
"80227","40000US80227","Scranton, PA Urbanized Area (2010)","Scranton","us","400","00 ","ACSSF","0001283",,,,,,,,,,,,,,,,,,,,,,,,,,,"80227",,,,,,,,,,,,,,,,,,0.4568,27.8999996185303
"80362","40000US80362","Seaside--Monterey, CA Urbanized Area (2010)","Seaside--Monterey","us","400","00 ","ACSSF","0001284",,,,,,,,,,,,,,,,,,,,,,,,,,,"80362",,,,,,,,,,,,,,,,,,0.4308,34
"80389","40000US80389","Seattle, WA Urbanized Area (2010)","Seattle","us","400","00 ","ACSSF","0001285",,,,,,,,,,,,,,,,,,,,,,,,,,,"80389",,,,,,,,,,,,,,,,,,0.4636,28.7999992370605
"80400","40000US80400","Sebastian--Vero Beach South--Florida Ridge, FL Urbanized Area (2010)","Sebastian--Vero Beach South--Florida Ridge","us","400","00 ","ACSSF","0001286",,,,,,,,,,,,,,,,,,,,,,,,,,,"80400",,,,,,,,,,,,,,,,,,0.5319,33.4000015258789
"80416","40000US80416","Sebring--Avon Park, FL Urbanized Area (2010)","Sebring--Avon Park","us","400","00 ","ACSSF","0001287",,,,,,,,,,,,,,,,,,,,,,,,,,,"80416",,,,,,,,,,,,,,,,,,0.383,35.5999984741211
"81118","40000US81118","Sheboygan, WI Urbanized Area (2010)","Sheboygan","us","400","00 ","ACSSF","0001288",,,,,,,,,,,,,,,,,,,,,,,,,,,"81118",,,,,,,,,,,,,,,,,,0.4116,23.2000007629395
"81631","40000US81631","Sherman, TX Urbanized Area (2010)","Sherman","us","400","00 ","ACSSF","0001289",,,,,,,,,,,,,,,,,,,,,,,,,,,"81631",,,,,,,,,,,,,,,,,,0.4315,26.1000003814697
"81739","40000US81739","Shreveport, LA Urbanized Area (2010)","Shreveport","us","400","00 ","ACSSF","0001290",,,,,,,,,,,,,,,,,,,,,,,,,,,"81739",,,,,,,,,,,,,,,,,,0.5232,35
"82144","40000US82144","Simi Valley, CA Urbanized Area (2010)","Simi Valley","us","400","00 ","ACSSF","0001291",,,,,,,,,,,,,,,,,,,,,,,,,,,"82144",,,,,,,,,,,,,,,,,,0.416,34.7000007629395
"82225","40000US82225","Sioux City, IA--NE--SD Urbanized Area (2010)","Sioux City","us","400","00 ","ACSSF","0001292",,,,,,,,,,,,,,,,,,,,,,,,,,,"82225",,,,,,,,,,,,,,,,,,0.4333,27.8999996185303
"82252","40000US82252","Sioux Falls, SD Urbanized Area (2010)","Sioux Falls","us","400","00 ","ACSSF","0001293",,,,,,,,,,,,,,,,,,,,,,,,,,,"82252",,,,,,,,,,,,,,,,,,0.454,26.7000007629395
"82468","40000US82468","Slidell, LA Urbanized Area (2010)","Slidell","us","400","00 ","ACSSF","0001294",,,,,,,,,,,,,,,,,,,,,,,,,,,"82468",,,,,,,,,,,,,,,,,,0.4347,32.7000007629395
"83116","40000US83116","South Bend, IN--MI Urbanized Area (2010)","South Bend","us","400","00 ","ACSSF","0001295",,,,,,,,,,,,,,,,,,,,,,,,,,,"83116",,,,,,,,,,,,,,,,,,0.4863,28
"83332","40000US83332","South Lyon--Howell, MI Urbanized Area (2010)","South Lyon--Howell","us","400","00 ","ACSSF","0001296",,,,,,,,,,,,,,,,,,,,,,,,,,,"83332",,,,,,,,,,,,,,,,,,0.4645,27.2999992370605
"83548","40000US83548","Spartanburg, SC Urbanized Area (2010)","Spartanburg","us","400","00 ","ACSSF","0001297",,,,,,,,,,,,,,,,,,,,,,,,,,,"83548",,,,,,,,,,,,,,,,,,0.4774,27.5
"83764","40000US83764","Spokane, WA Urbanized Area (2010)","Spokane","us","400","00 ","ACSSF","0001298",,,,,,,,,,,,,,,,,,,,,,,,,,,"83764",,,,,,,,,,,,,,,,,,0.4529,30.2999992370605
"83899","40000US83899","Springfield, IL Urbanized Area (2010)","Springfield","us","400","00 ","ACSSF","0001299",,,,,,,,,,,,,,,,,,,,,,,,,,,"83899",,,,,,,,,,,,,,,,,,0.4764,30.7999992370605
"83926","40000US83926","Springfield, MA--CT Urbanized Area (2010)","Springfield","us","400","00 ","ACSSF","0001300",,,,,,,,,,,,,,,,,,,,,,,,,,,"83926",,,,,,,,,,,,,,,,,,0.4567,31.8999996185303
"83953","40000US83953","Springfield, MO Urbanized Area (2010)","Springfield","us","400","00 ","ACSSF","0001301",,,,,,,,,,,,,,,,,,,,,,,,,,,"83953",,,,,,,,,,,,,,,,,,0.4732,29.5
"83980","40000US83980","Springfield, OH Urbanized Area (2010)","Springfield","us","400","00 ","ACSSF","0001302",,,,,,,,,,,,,,,,,,,,,,,,,,,"83980",,,,,,,,,,,,,,,,,,0.4349,29.5
"84024","40000US84024","Spring Hill, FL Urbanized Area (2010)","Spring Hill","us","400","00 ","ACSSF","0001303",,,,,,,,,,,,,,,,,,,,,,,,,,,"84024",,,,,,,,,,,,,,,,,,0.4155,35.5999984741211
"84493","40000US84493","State College, PA Urbanized Area (2010)","State College","us","400","00 ","ACSSF","0001304",,,,,,,,,,,,,,,,,,,,,,,,,,,"84493",,,,,,,,,,,,,,,,,,0.496,43.2999992370605
"85087","40000US85087","Stockton, CA Urbanized Area (2010)","Stockton","us","400","00 ","ACSSF","0001305",,,,,,,,,,,,,,,,,,,,,,,,,,,"85087",,,,,,,,,,,,,,,,,,0.4785,32.2999992370605
"85708","40000US85708","Sumter, SC Urbanized Area (2010)","Sumter","us","400","00 ","ACSSF","0001306",,,,,,,,,,,,,,,,,,,,,,,,,,,"85708",,,,,,,,,,,,,,,,,,0.5161,32.2999992370605
"86302","40000US86302","Syracuse, NY Urbanized Area (2010)","Syracuse","us","400","00 ","ACSSF","0001307",,,,,,,,,,,,,,,,,,,,,,,,,,,"86302",,,,,,,,,,,,,,,,,,0.4624,28.7000007629395
"86464","40000US86464","Tallahassee, FL Urbanized Area (2010)","Tallahassee","us","400","00 ","ACSSF","0001308",,,,,,,,,,,,,,,,,,,,,,,,,,,"86464",,,,,,,,,,,,,,,,,,0.4738,33.7000007629395
"86599","40000US86599","Tampa--St. Petersburg, FL Urbanized Area (2010)","Tampa--St. Petersburg","us","400","00 ","ACSSF","0001309",,,,,,,,,,,,,,,,,,,,,,,,,,,"86599",,,,,,,,,,,,,,,,,,0.4785,31
"87058","40000US87058","Temple, TX Urbanized Area (2010)","Temple","us","400","00 ","ACSSF","0001310",,,,,,,,,,,,,,,,,,,,,,,,,,,"87058",,,,,,,,,,,,,,,,,,0.4594,27.2999992370605
"87139","40000US87139","Terre Haute, IN Urbanized Area (2010)","Terre Haute","us","400","00 ","ACSSF","0001311",,,,,,,,,,,,,,,,,,,,,,,,,,,"87139",,,,,,,,,,,,,,,,,,0.4339,37.4000015258789
"87193","40000US87193","Texarkana--Texarkana, TX--AR Urbanized Area (2010)","Texarkana--Texarkana","us","400","00 ","ACSSF","0001312",,,,,,,,,,,,,,,,,,,,,,,,,,,"87193",,,,,,,,,,,,,,,,,,0.5377,34.5999984741211
"87220","40000US87220","Texas City, TX Urbanized Area (2010)","Texas City","us","400","00 ","ACSSF","0001313",,,,,,,,,,,,,,,,,,,,,,,,,,,"87220",,,,,,,,,,,,,,,,,,0.4915,33.2000007629395
"87490","40000US87490","Thousand Oaks, CA Urbanized Area (2010)","Thousand Oaks","us","400","00 ","ACSSF","0001314",,,,,,,,,,,,,,,,,,,,,,,,,,,"87490",,,,,,,,,,,,,,,,,,0.454,35.2000007629395
"87868","40000US87868","Toledo, OH--MI Urbanized Area (2010)","Toledo","us","400","00 ","ACSSF","0001315",,,,,,,,,,,,,,,,,,,,,,,,,,,"87868",,,,,,,,,,,,,,,,,,0.4856,29
"88084","40000US88084","Topeka, KS Urbanized Area (2010)","Topeka","us","400","00 ","ACSSF","0001316",,,,,,,,,,,,,,,,,,,,,,,,,,,"88084",,,,,,,,,,,,,,,,,,0.4513,27.2000007629395
"88273","40000US88273","Tracy, CA Urbanized Area (2010)","Tracy","us","400","00 ","ACSSF","0001317",,,,,,,,,,,,,,,,,,,,,,,,,,,"88273",,,,,,,,,,,,,,,,,,0.3397,29.3999996185303
"88462","40000US88462","Trenton, NJ Urbanized Area (2010)","Trenton","us","400","00 ","ACSSF","0001318",,,,,,,,,,,,,,,,,,,,,,,,,,,"88462",,,,,,,,,,,,,,,,,,0.4559,32.7999992370605
"88732","40000US88732","Tucson, AZ Urbanized Area (2010)","Tucson","us","400","00 ","ACSSF","0001319",,,,,,,,,,,,,,,,,,,,,,,,,,,"88732",,,,,,,,,,,,,,,,,,0.4736,30.5
"88948","40000US88948","Tulsa, OK Urbanized Area (2010)","Tulsa","us","400","00 ","ACSSF","0001320",,,,,,,,,,,,,,,,,,,,,,,,,,,"88948",,,,,,,,,,,,,,,,,,0.4744,28.1000003814697
"89083","40000US89083","Turlock, CA Urbanized Area (2010)","Turlock","us","400","00 ","ACSSF","0001321",,,,,,,,,,,,,,,,,,,,,,,,,,,"89083",,,,,,,,,,,,,,,,,,0.4719,33
"89110","40000US89110","Tuscaloosa, AL Urbanized Area (2010)","Tuscaloosa","us","400","00 ","ACSSF","0001322",,,,,,,,,,,,,,,,,,,,,,,,,,,"89110",,,,,,,,,,,,,,,,,,0.5018,33.7000007629395
"89263","40000US89263","Twin Rivers--Hightstown, NJ Urbanized Area (2010)","Twin Rivers--Hightstown","us","400","00 ","ACSSF","0001323",,,,,,,,,,,,,,,,,,,,,,,,,,,"89263",,,,,,,,,,,,,,,,,,0.4584,30.8999996185303
"89326","40000US89326","Tyler, TX Urbanized Area (2010)","Tyler","us","400","00 ","ACSSF","0001324",,,,,,,,,,,,,,,,,,,,,,,,,,,"89326",,,,,,,,,,,,,,,,,,0.4731,32.0999984741211
"89770","40000US89770","Urban Honolulu, HI Urbanized Area (2010)","Urban Honolulu","us","400","00 ","ACSSF","0001325",,,,,,,,,,,,,,,,,,,,,,,,,,,"89770",,,,,,,,,,,,,,,,,,0.4331,34.7999992370605
"89785","40000US89785","Utica, NY Urbanized Area (2010)","Utica","us","400","00 ","ACSSF","0001326",,,,,,,,,,,,,,,,,,,,,,,,,,,"89785",,,,,,,,,,,,,,,,,,0.475,30.3999996185303
"89866","40000US89866","Vacaville, CA Urbanized Area (2010)","Vacaville","us","400","00 ","ACSSF","0001327",,,,,,,,,,,,,,,,,,,,,,,,,,,"89866",,,,,,,,,,,,,,,,,,0.4022,28.1000003814697
"89974","40000US89974","Valdosta, GA Urbanized Area (2010)","Valdosta","us","400","00 ","ACSSF","0001328",,,,,,,,,,,,,,,,,,,,,,,,,,,"89974",,,,,,,,,,,,,,,,,,0.5355,33.2000007629395
"90028","40000US90028","Vallejo, CA Urbanized Area (2010)","Vallejo","us","400","00 ","ACSSF","0001329",,,,,,,,,,,,,,,,,,,,,,,,,,,"90028",,,,,,,,,,,,,,,,,,0.4297,33.2000007629395
"90514","40000US90514","Victoria, TX Urbanized Area (2010)","Victoria","us","400","00 ","ACSSF","0001330",,,,,,,,,,,,,,,,,,,,,,,,,,,"90514",,,,,,,,,,,,,,,,,,0.5441,28.2000007629395
"90541","40000US90541","Victorville--Hesperia, CA Urbanized Area (2010)","Victorville--Hesperia","us","400","00 ","ACSSF","0001331",,,,,,,,,,,,,,,,,,,,,,,,,,,"90541",,,,,,,,,,,,,,,,,,0.4188,36
"90730","40000US90730","Vineland, NJ Urbanized Area (2010)","Vineland","us","400","00 ","ACSSF","0001332",,,,,,,,,,,,,,,,,,,,,,,,,,,"90730",,,,,,,,,,,,,,,,,,0.4437,35.7000007629395
"90892","40000US90892","Virginia Beach, VA Urbanized Area (2010)","Virginia Beach","us","400","00 ","ACSSF","0001333",,,,,,,,,,,,,,,,,,,,,,,,,,,"90892",,,,,,,,,,,,,,,,,,0.441,31.5
"90946","40000US90946","Visalia, CA Urbanized Area (2010)","Visalia","us","400","00 ","ACSSF","0001334",,,,,,,,,,,,,,,,,,,,,,,,,,,"90946",,,,,,,,,,,,,,,,,,0.4336,30.3999996185303
"91027","40000US91027","Waco, TX Urbanized Area (2010)","Waco","us","400","00 ","ACSSF","0001335",,,,,,,,,,,,,,,,,,,,,,,,,,,"91027",,,,,,,,,,,,,,,,,,0.5127,31.8999996185303
"91261","40000US91261","Waldorf, MD Urbanized Area (2010)","Waldorf","us","400","00 ","ACSSF","0001336",,,,,,,,,,,,,,,,,,,,,,,,,,,"91261",,,,,,,,,,,,,,,,,,0.3901,31.7999992370605
"91783","40000US91783","Warner Robins, GA Urbanized Area (2010)","Warner Robins","us","400","00 ","ACSSF","0001337",,,,,,,,,,,,,,,,,,,,,,,,,,,"91783",,,,,,,,,,,,,,,,,,0.4098,27.7000007629395
"92242","40000US92242","Washington, DC--VA--MD Urbanized Area (2010)","Washington","us","400","00 ","ACSSF","0001338",,,,,,,,,,,,,,,,,,,,,,,,,,,"92242",,,,,,,,,,,,,,,,,,0.4504,29.2000007629395
"92485","40000US92485","Waterbury, CT Urbanized Area (2010)","Waterbury","us","400","00 ","ACSSF","0001339",,,,,,,,,,,,,,,,,,,,,,,,,,,"92485",,,,,,,,,,,,,,,,,,0.465,32.5999984741211
"92593","40000US92593","Waterloo, IA Urbanized Area (2010)","Waterloo","us","400","00 ","ACSSF","0001340",,,,,,,,,,,,,,,,,,,,,,,,,,,"92593",,,,,,,,,,,,,,,,,,0.4878,29.2000007629395
"92890","40000US92890","Watsonville, CA Urbanized Area (2010)","Watsonville","us","400","00 ","ACSSF","0001341",,,,,,,,,,,,,,,,,,,,,,,,,,,"92890",,,,,,,,,,,,,,,,,,0.404,34.9000015258789
"93025","40000US93025","Wausau, WI Urbanized Area (2010)","Wausau","us","400","00 ","ACSSF","0001342",,,,,,,,,,,,,,,,,,,,,,,,,,,"93025",,,,,,,,,,,,,,,,,,0.4408,24
"93592","40000US93592","Weirton--Steubenville, WV--OH--PA Urbanized Area (2010)","Weirton--Steubenville","us","400","00 ","ACSSF","0001343",,,,,,,,,,,,,,,,,,,,,,,,,,,"93592",,,,,,,,,,,,,,,,,,0.4368,26.3999996185303
"93862","40000US93862","Wenatchee, WA Urbanized Area (2010)","Wenatchee","us","400","00 ","ACSSF","0001344",,,,,,,,,,,,,,,,,,,,,,,,,,,"93862",,,,,,,,,,,,,,,,,,0.4339,27.2999992370605
"93916","40000US93916","West Bend, WI Urbanized Area (2010)","West Bend","us","400","00 ","ACSSF","0001345",,,,,,,,,,,,,,,,,,,,,,,,,,,"93916",,,,,,,,,,,,,,,,,,0.4111,25.3999996185303
"94294","40000US94294","Westminster--Eldersburg, MD Urbanized Area (2010)","Westminster--Eldersburg","us","400","00 ","ACSSF","0001346",,,,,,,,,,,,,,,,,,,,,,,,,,,"94294",,,,,,,,,,,,,,,,,,0.3969,28.5
"94726","40000US94726","Wheeling, WV--OH Urbanized Area (2010)","Wheeling","us","400","00 ","ACSSF","0001347",,,,,,,,,,,,,,,,,,,,,,,,,,,"94726",,,,,,,,,,,,,,,,,,0.5008,31.7000007629395
"95077","40000US95077","Wichita, KS Urbanized Area (2010)","Wichita","us","400","00 ","ACSSF","0001348",,,,,,,,,,,,,,,,,,,,,,,,,,,"95077",,,,,,,,,,,,,,,,,,0.4544,27.7999992370605
"95104","40000US95104","Wichita Falls, TX Urbanized Area (2010)","Wichita Falls","us","400","00 ","ACSSF","0001349",,,,,,,,,,,,,,,,,,,,,,,,,,,"95104",,,,,,,,,,,,,,,,,,0.4681,29.5
"95411","40000US95411","Williamsburg, VA Urbanized Area (2010)","Williamsburg","us","400","00 ","ACSSF","0001350",,,,,,,,,,,,,,,,,,,,,,,,,,,"95411",,,,,,,,,,,,,,,,,,0.4713,32.5999984741211
"95833","40000US95833","Wilmington, NC Urbanized Area (2010)","Wilmington","us","400","00 ","ACSSF","0001351",,,,,,,,,,,,,,,,,,,,,,,,,,,"95833",,,,,,,,,,,,,,,,,,0.5092,33.0999984741211
"96103","40000US96103","Winchester, VA Urbanized Area (2010)","Winchester","us","400","00 ","ACSSF","0001352",,,,,,,,,,,,,,,,,,,,,,,,,,,"96103",,,,,,,,,,,,,,,,,,0.4246,32.5999984741211
"96670","40000US96670","Winston-Salem, NC Urbanized Area (2010)","Winston-Salem","us","400","00 ","ACSSF","0001353",,,,,,,,,,,,,,,,,,,,,,,,,,,"96670",,,,,,,,,,,,,,,,,,0.4994,29.2000007629395
"96697","40000US96697","Winter Haven, FL Urbanized Area (2010)","Winter Haven","us","400","00 ","ACSSF","0001354",,,,,,,,,,,,,,,,,,,,,,,,,,,"96697",,,,,,,,,,,,,,,,,,0.4478,28.2000007629395
"97291","40000US97291","Worcester, MA--CT Urbanized Area (2010)","Worcester","us","400","00 ","ACSSF","0001355",,,,,,,,,,,,,,,,,,,,,,,,,,,"97291",,,,,,,,,,,,,,,,,,0.4648,29.7000007629395
"97507","40000US97507","Yakima, WA Urbanized Area (2010)","Yakima","us","400","00 ","ACSSF","0001356",,,,,,,,,,,,,,,,,,,,,,,,,,,"97507",,,,,,,,,,,,,,,,,,0.4638,28.5
"97561","40000US97561","Yauco, PR Urbanized Area (2010)","Yauco","pr","400","00 ","ACSSF","0000053",,,,,,,,,,,,,,,,,,,,,,,,,,,"97561",,,,,,,,,,,,,,,,,,0.4809,41.5999984741211
"97750","40000US97750","York, PA Urbanized Area (2010)","York","us","400","00 ","ACSSF","0001357",,,,,,,,,,,,,,,,,,,,,,,,,,,"97750",,,,,,,,,,,,,,,,,,0.4197,31
"97831","40000US97831","Youngstown, OH--PA Urbanized Area (2010)","Youngstown","us","400","00 ","ACSSF","0001358",,,,,,,,,,,,,,,,,,,,,,,,,,,"97831",,,,,,,,,,,,,,,,,,0.4757,28.7999992370605
"97939","40000US97939","Yuba City, CA Urbanized Area (2010)","Yuba City","us","400","00 ","ACSSF","0001359",,,,,,,,,,,,,,,,,,,,,,,,,,,"97939",,,,,,,,,,,,,,,,,,0.4329,31.7000007629395
"98020","40000US98020","Yuma, AZ--CA Urbanized Area (2010)","Yuma","us","400","00 ","ACSSF","0001360",,,,,,,,,,,,,,,,,,,,,,,,,,,"98020",,,,,,,,,,,,,,,,,,0.4356,26.7000007629395
"98182","40000US98182","Zephyrhills, FL Urbanized Area (2010)","Zephyrhills","us","400","00 ","ACSSF","0001361",,,,,,,,,,,,,,,,,,,,,,,,,,,"98182",,,,,,,,,,,,,,,,,,0.428,33.0999984741211
